host_is_superhost,host_listings_count,host_has_profile_pic,host_identity_verified,room_type_Private room,accommodates,bathrooms,bedrooms,beds,minimum_nights,maximum_nights,availability_365,number_of_reviews,estimated_occupancy_l365d,review_scores_rating,review_scores_accuracy,review_scores_cleanliness,review_scores_checkin,review_scores_communication,review_scores_location,review_scores_value,calculated_host_listings_count,reviews_per_month,has_reviews,host_user_total_months,host_host_total_months,dist_centro_km,price
1,3,1,1,0,2,1.0,1.0,1.0,2,14,350,240,102,4.87,4.93,4.88,4.99,4.97,4.95,4.75,3,1.54,1,157,157,7.485089703123594,292.0
1,3,1,1,0,2,1.0,1.0,1.0,2,1125,356,99,78,4.88,4.85,4.88,4.98,4.91,4.95,4.73,3,0.69,1,157,157,7.606311417277456,262.5
1,3,1,1,1,2,1.0,1.0,1.0,1,1125,357,83,60,4.87,4.9,4.89,4.95,4.93,4.93,4.59,3,0.55,1,157,157,7.809633475768514,304.0
1,1,1,1,0,2,1.0,1.0,1.0,2,1125,318,619,132,4.77,4.84,4.71,4.96,4.95,4.6,4.83,1,4.02,1,156,153,14.584443026990714,148.36
1,2,1,1,0,4,1.0,2.0,2.0,2,1125,292,58,90,4.79,4.78,4.81,4.91,4.9,4.79,4.64,2,1.13,1,150,52,10.538934896616503,187.5
0,1,1,1,0,3,1.0,1.0,2.0,1,1125,357,248,174,4.73,4.79,4.58,4.91,4.92,4.82,4.76,1,1.79,1,156,148,30.485236081447805,165.0
0,1,1,1,1,4,2.0,2.0,2.0,2,1125,305,33,0,4.85,4.88,4.91,5.0,4.94,4.85,4.76,1,0.23,1,150,147,15.598477488061492,289.0
1,1,1,1,0,6,2.0,3.0,3.0,3,200,197,159,84,4.94,4.94,4.94,4.98,4.99,4.96,4.9,1,1.22,1,136,129,10.194101156322949,312.0
1,1,1,1,0,2,1.0,1.0,1.0,1,1125,228,229,162,4.82,4.95,4.91,4.96,4.97,4.91,4.9,1,1.77,1,136,128,9.265032593890627,81.0
0,3,1,1,0,2,1.0,1.0,1.0,2,90,315,41,12,4.95,4.98,5.0,4.95,4.98,4.93,4.78,3,0.43,1,135,135,10.839142682017094,461.0
1,1,1,1,0,2,1.0,1.0,1.0,2,1125,3,184,12,4.89,4.97,4.87,4.99,4.99,4.9,4.82,1,1.37,1,134,134,3.76279766567511,228.5
0,1,1,1,0,6,2.0,3.0,4.0,2,1125,314,39,0,4.72,4.56,4.9,4.92,4.82,4.79,4.67,1,0.29,1,134,134,7.647686824412187,479.5
1,5,1,1,1,2,1.0,1.0,1.0,2,5,159,31,6,4.65,4.77,4.97,4.9,5.0,4.8,4.67,4,0.25,1,144,127,2.272753389443328,160.0
1,5,1,1,0,11,3.0,5.0,5.0,1,1125,264,148,114,4.9,4.88,4.91,4.99,4.99,4.97,4.73,4,1.19,1,144,127,2.3628847963965898,868.0
1,5,1,1,0,6,3.0,3.0,3.0,2,1125,255,92,48,4.88,4.89,4.96,4.93,4.97,4.95,4.77,4,0.75,1,144,127,2.4556196790505216,492.0
1,5,1,1,0,8,3.0,4.0,4.0,1,1125,264,61,60,4.92,4.9,4.98,5.0,4.97,4.98,4.77,4,0.48,1,144,127,2.4208714591408933,748.0
0,1,1,1,0,6,3.0,3.0,5.0,2,1125,248,145,96,5.0,4.99,5.0,5.0,5.0,4.99,4.94,1,1.17,1,126,126,2.517246431072821,595.0
0,1,0,1,0,4,1.0,2.0,2.0,2,1125,306,17,24,4.94,4.94,4.94,4.88,4.94,4.88,4.82,1,0.35,1,125,52,22.964483223041036,312.0
1,1,1,1,0,2,1.0,1.0,1.0,1,1125,257,431,204,4.98,4.97,4.99,4.99,4.99,4.97,4.94,1,3.41,1,125,124,4.9709492899268675,231.5
1,3,1,1,0,4,1.0,2.0,2.0,2,90,364,7,0,5.0,4.83,5.0,5.0,5.0,4.83,5.0,3,0.06,1,127,122,8.351102063446916,736.5
0,2,1,1,0,6,2.0,3.0,4.0,1,1125,304,45,0,4.6,4.69,4.87,4.8,4.82,4.89,4.33,2,0.36,1,152,152,2.4627013749668603,332.56
1,3,1,1,0,4,1.5,2.0,2.0,2,1125,365,98,0,4.91,4.93,4.92,4.94,4.95,4.94,4.72,3,0.82,1,127,122,8.345025768573374,494.5
1,3,1,1,0,8,2.5,4.0,4.0,2,1125,307,182,24,4.85,4.87,4.76,4.93,4.92,4.96,4.78,3,1.48,1,127,122,8.541713761222862,479.5
1,1,1,0,0,3,1.0,2.0,2.0,2,1125,266,248,144,4.96,4.98,4.99,5.0,4.99,4.9,4.87,1,2.19,1,140,113,7.860498231142162,252.0
0,1,1,1,0,4,1.0,2.0,2.0,2,4,6,13,12,4.92,5.0,5.0,5.0,5.0,5.0,4.85,1,0.11,1,119,119,8.615008924537554,321.0
1,1,1,1,0,2,1.5,1.0,1.0,2,30,332,188,102,4.96,4.95,4.95,4.96,4.98,4.96,4.94,1,1.68,1,119,119,13.288478140339054,347.5
0,1,1,1,0,6,2.0,3.0,5.0,2,7,297,32,6,4.66,4.63,4.94,4.72,4.69,4.84,4.5,1,0.27,1,118,118,7.3595403401678015,463.5
0,1,1,1,0,4,1.0,2.0,2.0,2,1125,182,85,42,4.88,4.89,4.89,4.98,4.93,4.82,4.65,1,0.9,1,132,114,16.054172986379225,305.5
0,1,1,1,0,6,2.0,3.0,4.0,2,1125,47,148,6,4.87,4.91,4.87,4.9,4.91,4.79,4.76,1,1.3,1,146,113,10.854299316862402,521.0
1,2,1,1,0,2,1.0,1.0,1.0,1,1125,296,16,42,4.94,4.93,4.93,5.0,5.0,5.0,4.87,2,0.26,1,120,111,8.164067605582135,668.0
1,6,1,1,0,10,2.5,4.0,5.0,1,1125,284,250,198,4.93,4.95,4.93,4.97,4.98,4.92,4.83,1,2.27,1,151,111,3.7219398797607695,279.93
1,1,1,1,0,2,1.0,1.0,1.0,2,1125,199,487,234,4.94,4.98,4.91,4.99,4.99,4.99,4.92,1,4.34,1,148,110,2.091954563462307,232.5
1,1,1,1,0,6,2.0,3.0,4.0,2,1125,277,268,144,4.87,4.9,4.83,4.95,4.94,4.88,4.77,1,2.4,1,110,110,12.033318461264997,232.0
1,2,1,1,0,4,1.0,2.0,3.0,2,28,291,220,234,4.96,4.98,4.99,5.0,4.99,4.98,4.85,1,2.11,1,107,107,2.81325334207603,320.0
1,2,1,1,0,11,2.0,4.0,10.0,2,14,325,75,60,4.96,4.97,4.91,5.0,5.0,4.89,4.89,2,0.7,1,149,107,9.869220691499743,548.5
1,2,1,1,0,4,1.0,2.0,4.0,2,14,316,78,24,4.96,4.96,4.92,5.0,5.0,4.87,4.78,2,0.73,1,149,107,9.973618176005868,421.0
1,1,1,1,0,8,2.5,3.0,5.0,2,1125,300,165,138,4.98,4.97,4.99,4.98,4.99,4.98,4.9,1,1.92,1,104,94,7.138470067568845,582.0
1,2,1,1,0,8,4.0,4.0,4.0,1,365,170,91,36,4.95,4.91,4.84,4.96,4.98,4.97,4.85,2,0.9,1,114,102,12.89438954897022,594.5
1,2,1,1,0,5,1.0,3.0,4.0,2,1125,251,198,84,4.92,4.94,4.95,4.97,4.99,4.95,4.9,2,1.94,1,118,101,10.275258352051223,292.0
0,1,1,1,0,5,1.5,2.0,3.0,2,60,266,11,0,5.0,5.0,5.0,4.91,4.82,5.0,4.91,1,0.11,1,122,101,17.276689963697883,452.0
1,1,1,1,0,4,1.0,2.0,4.0,2,21,120,186,240,4.99,4.97,4.96,4.99,4.99,4.99,4.92,1,1.84,1,113,101,5.909281154941494,364.5
0,1,1,1,0,8,4.0,4.0,4.0,2,1125,243,35,24,4.97,5.0,5.0,4.83,4.83,4.97,4.91,1,0.36,1,97,97,2.593364057048655,500.0
0,1,1,1,0,6,1.5,3.0,4.0,2,1125,318,25,18,4.76,4.88,4.72,5.0,4.96,4.88,4.68,1,0.27,1,109,96,9.07053484969517,400.0
1,1,1,1,0,6,2.0,3.0,3.0,2,1125,179,219,102,4.93,4.93,4.91,4.97,4.98,4.98,4.74,1,2.26,1,130,112,2.582398249593655,520.0
1,1,1,1,0,2,1.0,1.0,1.0,1,1125,342,374,255,4.88,4.82,4.91,4.91,4.95,4.9,4.76,1,3.86,1,140,108,10.95706489939956,297.0
1,1,1,1,0,6,2.0,3.0,3.0,1,1125,321,238,186,4.71,4.73,4.85,4.84,4.84,4.92,4.61,1,2.45,1,96,96,2.6465070166645344,370.0
0,1,1,1,0,4,1.0,2.0,2.0,2,1125,267,85,18,4.88,4.91,4.96,4.98,4.95,4.91,4.87,1,0.89,1,95,95,15.519341185379846,245.5
1,2,1,1,0,4,2.0,2.0,2.0,1,1125,313,34,30,5.0,4.97,4.97,4.91,4.97,4.94,4.91,2,0.41,1,94,94,10.176256174807776,371.0
0,3,1,1,0,2,1.0,1.0,1.0,2,90,296,21,6,4.95,4.95,5.0,5.0,5.0,5.0,5.0,3,0.22,1,135,135,10.906308935043523,461.0
1,5,1,1,0,2,1.0,1.0,1.0,1,1125,298,155,162,4.96,4.95,4.96,4.99,4.99,4.9,4.83,1,1.89,1,115,93,3.4495530265297836,166.5
1,1,1,1,0,6,1.0,3.0,4.0,2,1125,86,301,255,4.83,4.91,4.88,4.86,4.93,4.9,4.71,1,3.44,1,122,87,2.0782951210252074,255.0
0,2,1,1,0,4,1.0,2.0,2.0,1,999,108,48,36,5.0,4.98,5.0,4.96,4.98,4.98,4.96,2,0.59,1,118,85,8.025256225060044,300.0
0,3,1,1,0,2,1.0,1.0,1.0,2,90,317,31,6,4.81,5.0,5.0,4.94,4.94,4.97,4.65,3,0.33,1,135,135,10.775613258318634,461.0
1,1,1,1,0,6,2.0,3.0,3.0,1,14,155,285,198,4.95,4.98,4.96,4.98,4.95,4.99,4.89,1,3.06,1,92,91,2.4056829564609394,399.5
1,2,1,1,0,3,1.0,1.0,2.0,1,28,243,52,0,4.98,4.94,5.0,5.0,5.0,4.9,4.92,2,0.64,1,117,80,19.26763830473205,213.0
1,1,1,1,0,2,1.0,1.0,1.0,2,6,276,341,222,4.86,4.85,4.97,4.88,4.9,4.86,4.77,1,3.79,1,89,89,3.1238821378702473,227.5
0,1,1,1,0,2,1.0,1.0,1.0,2,999,345,53,24,4.96,4.94,5.0,5.0,4.98,4.94,4.81,1,0.61,1,89,89,7.314133684858177,595.0
1,1,1,1,0,6,1.0,3.0,3.0,1,1125,157,128,174,4.95,4.93,4.97,4.98,4.98,4.91,4.81,1,1.43,1,89,88,9.839894505537965,320.0
1,2,1,1,0,8,2.0,3.0,3.0,2,90,341,90,54,4.87,4.86,4.94,4.67,4.84,4.91,4.84,2,1.06,1,87,87,16.357479850917397,342.0
1,2,1,1,0,8,2.0,3.0,3.0,2,90,342,20,18,4.8,4.8,4.9,4.6,4.8,5.0,4.9,2,0.29,1,87,87,16.432711175759014,337.0
0,2,1,1,0,5,1.0,3.0,3.0,2,1125,297,89,114,4.94,4.93,4.96,4.98,4.94,4.98,4.81,2,1.04,1,118,85,8.164695541510838,240.0
0,8,1,1,0,4,1.5,2.0,2.0,2,1125,256,33,18,4.91,4.94,4.94,4.97,4.94,5.0,4.85,8,0.43,1,85,85,2.486455189680904,376.0
1,2,1,1,0,4,2.5,2.0,2.0,1,365,144,20,18,5.0,5.0,5.0,4.95,4.95,4.9,4.9,2,0.23,1,114,102,12.721478034239858,990.0
1,1,1,1,0,2,1.0,1.0,1.0,2,1125,349,154,90,4.98,4.98,5.0,4.96,4.99,4.93,4.84,1,1.8,1,85,85,9.713660642941237,628.0
1,1,1,1,0,7,1.5,3.0,4.0,2,1125,344,56,78,4.98,5.0,5.0,5.0,5.0,4.91,4.88,1,0.66,1,84,84,16.13228350285078,324.0
1,6,1,1,0,10,3.0,5.0,5.0,1,365,298,78,72,4.83,4.94,4.78,4.96,4.82,4.97,4.73,6,0.95,1,86,84,7.865603245601842,850.0
1,3,1,1,0,4,1.0,2.0,2.0,1,21,331,576,255,4.92,4.92,4.87,4.96,4.96,4.89,4.86,2,6.73,1,119,100,25.38163801337348,304.0
0,2,1,1,0,4,1.0,2.0,2.0,2,30,332,9,6,5.0,5.0,5.0,5.0,5.0,5.0,5.0,2,0.19,1,83,47,1.7791401906614763,1005.0
1,1,1,1,0,5,1.0,2.0,3.0,1,1125,285,612,255,4.79,4.82,4.78,4.97,4.96,4.95,4.75,1,7.36,1,127,82,2.416229960328818,280.0
1,1,1,1,0,4,1.0,2.0,2.0,2,1125,220,443,255,4.96,4.96,4.91,4.99,4.96,4.99,4.83,1,5.42,1,83,81,2.6609901190460477,694.5
1,1,1,1,0,6,1.5,3.0,4.0,2,1125,212,110,108,4.88,4.94,4.95,5.0,4.97,4.99,4.8,1,1.36,1,116,80,2.321731549199314,334.93
0,2,1,1,0,4,1.0,2.0,2.0,2,999,324,111,78,4.88,4.93,4.82,4.96,4.88,4.86,4.69,2,1.38,1,115,14,8.409308811746497,328.0
1,2,1,1,0,6,2.0,3.0,3.0,2,500,232,183,132,4.98,4.99,4.99,4.99,4.98,4.99,4.89,2,2.23,1,101,82,2.5047843472597244,371.0
1,1,1,1,0,2,1.0,1.0,1.0,2,1125,152,203,174,4.88,4.92,4.98,4.96,4.96,4.74,4.83,1,2.48,1,82,81,7.863602098292979,182.5
1,2,1,1,0,4,1.0,2.0,2.0,2,1125,339,138,120,4.94,4.96,4.95,4.97,4.97,4.95,4.78,2,1.68,1,138,81,8.011987696725468,342.5
0,1,1,1,1,2,1.0,1.0,1.0,2,1125,360,72,30,4.96,4.96,5.0,4.97,5.0,4.96,4.96,1,0.88,1,84,81,9.571341137128877,160.0
1,2,1,1,0,8,1.0,3.0,1.0,2,365,337,17,66,4.94,4.94,5.0,5.0,5.0,5.0,5.0,1,0.56,1,81,63,3.071571159982167,377.0
1,2,1,1,0,6,2.0,3.0,3.0,2,500,207,60,96,4.97,4.97,4.98,4.95,4.97,4.98,4.8,2,0.85,1,101,82,2.499898784153525,399.5
1,6,1,1,0,4,2.0,2.0,2.0,1,99,171,78,36,4.99,4.99,4.99,4.99,4.94,4.96,4.79,6,0.99,1,79,79,10.08602162593732,556.0
1,6,1,1,0,2,1.0,1.0,1.0,1,99,148,4,0,5.0,5.0,5.0,5.0,4.75,5.0,4.75,6,0.05,1,79,79,10.115031580576478,476.0
0,6,1,1,1,3,1.0,2.0,2.0,1,99,363,6,6,4.5,4.5,4.83,5.0,4.67,4.83,4.0,5,0.12,1,102,79,7.651620647641434,171.0
0,6,1,1,1,2,1.0,0.0,1.0,1,1125,361,39,0,4.72,4.82,4.87,4.9,4.85,4.9,4.74,5,0.49,1,102,79,7.588052692016237,155.0
0,6,1,1,1,3,1.0,2.0,2.0,1,1125,350,1,0,5.0,5.0,5.0,5.0,5.0,5.0,5.0,5,0.02,1,102,79,7.484956242707873,176.0
0,6,1,1,1,4,1.0,0.0,2.0,1,1125,348,8,6,4.25,4.5,4.25,4.5,4.5,4.88,4.25,5,0.1,1,102,79,7.655703475040712,182.0
0,1,1,1,1,4,1.5,1.0,2.0,1,1125,348,3,0,4.0,4.0,4.33,4.67,4.67,5.0,3.67,1,0.06,1,140,78,7.525549553862314,190.0
0,6,1,1,1,2,1.0,1.0,1.0,1,1125,364,5,0,4.6,4.6,4.6,5.0,5.0,4.8,4.6,5,0.06,1,102,79,7.638615635412289,164.0
1,1,1,1,0,2,1.0,1.0,1.0,2,1125,158,296,204,4.96,4.96,4.98,4.98,4.98,4.95,4.82,1,3.7,1,135,79,6.411683174390331,289.5
1,1,1,1,0,4,2.0,2.0,2.0,2,1125,332,206,144,4.97,4.97,4.99,4.98,5.0,4.97,4.94,1,2.65,1,150,131,4.734662761562258,400.0
1,9,1,1,0,6,3.5,3.0,3.0,2,1125,205,247,198,4.99,4.98,4.98,4.99,4.99,4.98,4.88,4,3.2,1,96,88,2.349037927737594,649.5
1,6,1,1,0,2,1.0,1.0,1.0,1,1125,258,493,255,4.92,4.94,4.88,4.95,4.86,4.93,4.78,6,6.42,1,86,84,7.9565524545787785,310.0
1,6,1,1,0,4,2.0,2.0,2.0,1,1125,284,273,255,4.95,4.94,4.86,4.99,4.85,4.96,4.79,6,3.85,1,86,84,7.846983776528543,500.0
1,6,1,1,1,2,1.0,1.0,1.0,1,1125,351,328,204,4.75,4.78,4.86,4.82,4.72,4.89,4.57,6,4.4,1,86,84,2.2199518491602124,240.0
0,1,1,1,0,2,1.0,1.0,1.0,2,1125,43,30,0,4.87,4.9,4.83,5.0,5.0,4.87,4.87,1,0.44,1,72,68,16.908912562241483,213.0
0,1,1,1,1,6,1.5,3.0,3.0,2,1125,199,25,0,4.8,4.88,4.88,5.0,4.96,4.96,4.76,1,0.36,1,71,70,5.472628926884543,625.5
1,1,1,1,0,2,1.0,1.0,1.0,2,1125,200,178,180,4.92,4.94,4.95,4.98,4.97,4.87,4.85,1,3.25,1,137,54,14.57382340421517,236.0
0,2,1,1,0,4,1.0,2.0,3.0,2,31,170,88,78,4.93,4.92,5.0,4.99,4.94,4.98,4.88,2,1.28,1,122,117,2.7949726472737777,289.0
1,2,1,1,0,5,1.0,3.0,3.0,2,1125,263,90,48,4.99,5.0,4.98,5.0,5.0,4.88,4.96,2,1.3,1,118,101,10.144708313572487,409.0
1,1,1,1,0,2,1.5,1.0,1.0,2,14,281,372,255,4.99,4.98,4.99,4.99,4.99,4.97,4.93,1,5.53,1,70,68,3.1819388252004974,376.0
1,2,1,1,0,6,2.5,3.0,3.0,2,1125,273,89,66,5.0,4.98,4.99,4.97,4.98,4.99,4.9,2,1.4,1,120,111,8.480569070308109,890.0
0,1,1,1,0,14,3.5,7.0,11.0,2,1125,324,51,90,5.0,4.98,5.0,5.0,4.98,5.0,4.86,1,0.88,1,127,102,9.98990930294525,878.0
0,1,1,1,0,4,1.5,2.0,2.0,2,1125,356,3,6,5.0,5.0,4.67,5.0,4.67,5.0,4.67,1,0.05,1,79,72,8.107500752873676,312.5
0,1,1,1,0,7,1.5,4.0,4.0,2,1125,181,30,48,4.8,4.87,4.7,4.97,4.87,4.8,4.83,1,0.47,1,108,62,9.790952154902284,550.5
1,4,1,1,0,2,1.0,1.0,1.0,1,1125,345,214,36,4.86,4.83,4.93,4.88,4.85,4.9,4.7,4,3.44,1,61,61,5.312250813166169,345.0
1,4,1,1,0,2,1.0,1.0,1.0,1,1125,352,182,54,4.88,4.84,4.94,4.95,4.92,4.92,4.72,4,2.95,1,61,61,5.406822938355307,350.0
0,2,1,1,1,2,1.0,1.0,1.0,1,1125,269,11,0,4.73,4.55,4.82,5.0,5.0,5.0,4.64,2,0.18,1,157,61,3.6792204639114705,232.0
1,3,1,1,1,2,1.0,1.0,1.0,2,35,362,19,6,5.0,4.95,5.0,5.0,4.95,4.68,5.0,3,0.46,1,119,41,23.101310991985876,232.0
0,1,1,1,0,4,1.0,2.0,2.0,2,1125,126,48,30,4.98,4.96,5.0,5.0,5.0,5.0,4.77,1,0.8,1,60,60,2.1166227057803146,690.0
1,2,1,1,0,8,2.0,4.0,5.0,2,730,291,254,255,4.97,4.96,4.94,4.99,4.99,4.98,4.85,1,4.38,1,115,57,5.619258612518584,765.0
1,1,1,1,0,6,2.0,4.0,5.0,2,999,318,163,252,4.96,4.91,4.92,4.98,4.99,4.94,4.87,1,2.74,1,59,59,2.4863159615119677,345.0
0,1,1,1,0,2,1.0,1.0,1.0,2,14,3,2,0,5.0,4.5,5.0,5.0,5.0,4.5,4.5,1,0.09,1,59,58,8.89409661130129,310.5
1,3,1,1,0,6,1.0,3.0,3.0,1,999,334,22,42,4.95,4.82,4.91,4.82,4.68,5.0,5.0,3,0.38,1,65,61,34.36619546396883,435.0
1,3,1,1,0,6,1.0,3.0,3.0,1,999,334,9,18,4.89,5.0,5.0,5.0,5.0,5.0,5.0,3,0.18,1,65,61,34.400618133523395,545.0
0,49,1,1,0,6,3.0,3.0,3.0,2,60,192,27,30,4.89,4.96,4.81,4.93,4.67,5.0,4.81,3,0.47,1,62,62,3.4295227855396466,507.0
1,1,1,1,0,6,1.5,3.0,3.0,1,1125,67,150,186,4.93,4.97,4.83,4.99,4.99,4.99,4.83,1,2.58,1,57,57,2.529477775876319,436.5
0,1,1,1,0,6,1.5,3.0,3.0,2,1125,255,129,78,4.81,4.84,4.84,4.83,4.91,4.93,4.66,1,2.23,1,82,57,2.3598271348929574,334.0
0,1,1,1,0,6,3.5,3.0,3.0,2,15,343,21,6,5.0,4.95,4.95,4.95,4.95,5.0,4.86,1,0.4,1,57,56,10.043622697210859,820.0
1,2,1,1,0,2,1.0,1.0,1.0,1,365,39,193,222,4.95,4.93,4.91,4.98,4.98,4.85,4.9,2,3.43,1,77,56,20.966973983228236,194.0
1,1,1,1,0,4,2.0,4.0,8.0,1,1125,92,111,84,5.0,4.99,4.99,5.0,5.0,4.97,4.88,1,2.01,1,101,55,15.77929959789712,913.0
1,1,1,1,0,2,1.0,1.0,1.0,2,1125,327,288,255,4.93,4.94,4.98,4.98,4.98,4.92,4.86,1,5.4,1,55,53,0.43401117045343673,183.0
1,1,1,1,0,4,1.0,2.0,2.0,2,1125,313,45,102,4.98,4.96,5.0,5.0,5.0,4.96,4.93,1,1.23,1,92,37,7.478380064109472,395.0
1,2,1,1,0,2,1.0,1.0,1.0,1,1125,54,138,90,4.86,4.86,4.91,4.96,4.98,4.78,4.77,2,2.48,1,77,56,20.98639574777505,194.0
0,1,1,1,1,2,1.0,1.0,1.0,1,365,363,64,18,4.86,4.91,4.91,4.91,4.83,4.97,4.77,1,1.17,1,91,54,7.8178449179809375,150.0
1,1,1,1,0,4,1.0,1.0,2.0,2,1125,143,47,156,5.0,5.0,5.0,5.0,5.0,4.96,4.96,1,1.88,1,83,25,14.109666001634881,545.0
0,18,1,1,0,8,2.5,3.0,5.0,2,365,139,61,72,4.9,4.89,4.67,4.9,4.95,4.89,4.75,11,1.16,1,53,53,8.241998032580975,543.0
0,2,1,1,1,6,3.0,5.0,9.0,2,3,167,0,0,-1.0,-1.0,-1.0,-1.0,-1.0,-1.0,-1.0,2,0.0,0,152,152,2.284812470584162,379.5
1,2,1,1,0,6,1.0,2.0,3.0,2,1125,313,27,18,4.7,4.74,4.81,4.96,4.96,4.81,4.56,2,0.54,1,150,52,10.631505292886292,187.5
1,3,1,1,0,4,1.0,2.0,2.0,1,999,338,1,0,5.0,5.0,5.0,5.0,5.0,5.0,5.0,3,0.02,1,65,61,34.60188723854674,765.0
1,2,1,1,0,6,1.0,3.0,4.0,2,365,121,146,114,4.99,4.99,4.99,4.99,4.99,4.98,4.85,1,2.86,1,118,50,2.4862850288754745,576.5
1,2,1,1,0,9,2.0,3.0,5.0,2,1125,316,58,108,4.95,4.95,5.0,5.0,4.97,4.98,4.81,2,1.41,1,138,81,8.109761937161128,354.0
0,2,1,1,0,4,1.5,2.0,2.0,1,1125,120,115,0,4.77,4.83,4.88,4.9,4.88,4.89,4.68,1,2.33,1,123,111,8.16514832759293,453.0
1,6,1,1,0,4,1.0,1.0,1.0,1,999,182,19,6,4.05,4.05,4.26,4.37,4.0,4.53,3.84,6,0.4,1,48,48,3.298185190260294,215.0
1,6,1,1,0,3,1.0,1.0,2.0,1,999,350,6,0,4.33,4.17,4.5,4.17,4.17,4.67,4.33,6,0.14,1,48,48,3.284993960677198,195.0
1,6,1,1,0,4,1.0,1.0,2.0,1,999,340,2,0,4.5,4.5,4.5,5.0,5.0,4.5,3.5,6,0.05,1,48,48,3.2449126603548173,200.0
1,6,1,1,0,3,1.0,1.0,2.0,1,999,336,0,0,-1.0,-1.0,-1.0,-1.0,-1.0,-1.0,-1.0,6,0.0,0,48,48,3.2988983041323703,195.0
1,6,1,1,0,3,1.0,1.0,2.0,1,999,342,1,0,5.0,5.0,5.0,5.0,5.0,5.0,5.0,6,0.02,1,48,48,3.1426615437817857,195.0
1,6,1,1,0,4,1.0,1.0,2.0,1,999,349,4,0,3.25,3.5,3.5,4.25,3.5,4.5,3.0,6,0.08,1,48,48,3.2571454159828837,210.0
1,1,1,1,0,2,1.5,1.0,1.0,2,1125,245,132,186,4.99,5.0,5.0,5.0,4.98,5.0,4.94,1,2.71,1,48,48,8.789447325089071,405.5
0,3,1,1,0,10,5.5,5.0,5.0,2,365,104,39,78,4.79,4.82,4.69,4.85,4.9,4.85,4.74,3,0.84,1,49,48,9.615685805670628,1040.0
1,1,1,1,0,6,2.0,3.0,3.0,2,365,357,43,48,4.84,4.84,4.95,4.86,4.91,4.93,4.72,1,0.91,1,48,47,8.030696424400517,527.5
1,4,1,1,0,2,1.0,1.0,1.0,1,1125,337,89,96,4.88,4.83,4.98,4.96,4.89,4.91,4.61,4,1.92,1,61,61,5.450658627775913,452.0
0,18,1,1,0,2,1.0,1.0,1.0,1,365,179,16,24,4.31,4.44,4.69,4.69,4.56,4.5,4.25,11,0.35,1,53,53,1.3273885600003499,163.0
0,18,1,1,0,4,1.0,1.0,2.0,1,365,170,31,48,4.52,4.55,4.52,4.71,4.55,4.94,4.52,11,0.69,1,53,53,1.2998081332665232,267.0
0,18,1,1,0,4,1.0,1.0,2.0,1,365,173,117,246,4.6,4.72,4.63,4.75,4.74,4.86,4.63,11,2.65,1,53,53,1.1878594457103855,191.0
0,18,1,1,0,2,1.0,1.0,1.0,1,365,179,20,12,4.55,4.6,4.75,4.9,4.5,4.85,4.45,11,0.44,1,53,53,1.4498359481530614,163.0
0,18,1,1,0,2,1.0,1.0,1.0,1,365,178,16,12,4.38,4.31,4.44,4.69,4.56,4.5,4.25,11,0.35,1,53,53,1.2165904858285723,163.0
0,18,1,1,0,2,1.0,1.0,1.0,1,365,172,37,30,4.65,4.68,4.76,4.86,4.7,4.92,4.62,11,0.8,1,53,53,1.4387873855104047,163.0
1,2,1,1,0,3,1.0,1.0,2.0,1,28,246,95,138,4.99,4.95,4.96,4.99,4.97,4.87,4.87,2,2.27,1,117,80,19.3548727668748,212.0
1,1,1,1,0,2,1.0,1.0,1.0,1,1125,215,31,42,4.97,4.97,4.97,5.0,5.0,4.87,4.9,1,0.69,1,98,44,27.001504413635462,232.0
1,2,1,1,0,2,1.0,1.0,1.0,2,999,304,23,78,5.0,4.96,5.0,4.91,5.0,5.0,4.83,2,0.58,1,83,58,7.136006391683378,294.5
1,1,1,1,1,3,1.0,1.0,1.0,1,10,295,80,126,4.94,4.94,4.98,4.94,4.95,4.98,4.86,1,2.04,1,65,39,8.863445481031155,251.5
0,4,1,1,0,6,2.0,2.0,4.0,2,1125,162,0,0,-1.0,-1.0,-1.0,-1.0,-1.0,-1.0,-1.0,4,0.0,0,43,43,8.719751585823827,253.0
0,4,1,1,0,6,1.0,2.0,3.0,2,1125,154,3,6,4.0,3.67,4.0,4.33,4.0,4.67,3.33,4,0.09,1,43,43,8.720865169791635,339.0
0,18,1,1,0,6,2.0,3.0,3.0,1,365,162,84,108,4.33,4.4,4.3,4.69,4.62,4.77,4.21,11,1.97,1,53,53,1.2865737545827183,460.0
1,1,1,1,0,4,1.0,2.0,2.0,2,14,152,170,216,5.0,4.99,5.0,4.99,5.0,4.99,4.95,1,3.91,1,127,43,2.9100891570998404,463.0
0,10,1,1,0,2,1.0,1.0,1.0,2,365,180,2,0,5.0,5.0,4.5,5.0,5.0,5.0,4.5,10,0.05,1,43,42,25.783235584043958,165.0
0,10,1,1,0,2,1.0,1.0,1.0,2,365,365,0,0,-1.0,-1.0,-1.0,-1.0,-1.0,-1.0,-1.0,10,0.0,0,43,42,25.843536678393974,230.0
0,10,1,1,0,2,1.0,1.0,1.0,2,365,365,0,0,-1.0,-1.0,-1.0,-1.0,-1.0,-1.0,-1.0,10,0.0,0,43,42,25.57599215325988,264.0
0,10,1,1,0,2,1.0,1.0,2.0,2,365,364,1,0,3.0,4.0,5.0,3.0,4.0,4.0,4.0,10,0.03,1,43,42,25.65739149729563,252.0
0,10,1,1,0,2,1.0,1.0,2.0,2,365,365,0,0,-1.0,-1.0,-1.0,-1.0,-1.0,-1.0,-1.0,10,0.0,0,43,42,25.823966432200525,280.0
0,10,1,1,0,2,1.0,1.0,1.0,2,365,365,1,0,3.0,4.0,4.0,4.0,5.0,3.0,4.0,10,0.03,1,43,42,25.57042906471141,262.5
0,10,1,1,0,4,1.0,2.0,2.0,3,365,364,1,0,4.0,4.0,4.0,4.0,4.0,4.0,4.0,10,0.03,1,43,42,25.724712993432494,438.33
0,2,1,1,1,2,1.0,1.0,1.0,2,1125,101,5,0,5.0,5.0,5.0,5.0,5.0,5.0,5.0,2,0.12,1,42,42,23.22711969738442,105.5
1,1,1,1,0,6,1.0,2.0,3.0,2,1125,144,113,108,4.82,4.85,4.73,4.96,4.96,4.99,4.69,1,2.75,1,42,41,2.594805465194843,497.0
0,4,1,1,0,6,1.0,2.0,3.0,2,1125,127,5,6,4.6,4.6,4.6,5.0,5.0,5.0,4.4,4,0.15,1,43,43,8.725265772270813,322.5
0,4,1,1,0,6,2.0,2.0,4.0,2,1125,333,2,6,5.0,5.0,4.5,4.0,5.0,5.0,4.5,4,0.07,1,43,43,8.726871672431333,339.0
0,10,1,1,0,10,2.5,5.0,1.0,2,365,365,0,0,-1.0,-1.0,-1.0,-1.0,-1.0,-1.0,-1.0,10,0.0,0,43,42,25.752411726922418,785.0
0,10,1,1,0,6,3.0,3.0,5.0,2,365,365,0,0,-1.0,-1.0,-1.0,-1.0,-1.0,-1.0,-1.0,10,0.0,0,43,42,25.62531530913888,600.0
1,1,1,1,0,4,1.0,2.0,2.0,1,365,336,186,255,4.84,4.86,4.81,4.89,4.94,4.78,4.81,1,4.43,1,42,41,31.476115224159972,189.0
1,3,1,1,0,2,1.0,1.0,1.0,1,365,344,177,234,4.98,4.96,4.93,4.98,4.95,4.94,4.85,2,4.25,1,119,100,25.385601116068464,354.0
1,1,1,1,0,10,2.0,4.0,5.0,2,1125,300,51,102,4.88,4.92,4.82,5.0,4.96,4.84,4.71,1,1.25,1,41,41,10.792513958405873,485.0
1,3,1,1,1,3,1.0,2.0,2.0,2,35,364,10,18,4.8,5.0,4.7,4.9,5.0,4.8,4.7,3,0.25,1,119,41,23.30175053602295,291.0
1,17,1,1,1,2,1.0,1.0,1.0,2,999,359,21,60,4.67,4.81,4.57,4.95,4.71,4.81,4.48,4,0.54,1,41,40,7.569925985108772,320.0
1,3,1,1,1,5,2.0,2.0,3.0,2,35,362,6,12,5.0,5.0,5.0,5.0,5.0,5.0,5.0,3,0.19,1,119,41,23.282516564026025,514.0
1,2,1,1,0,4,1.0,2.0,2.0,2,1125,173,84,108,4.83,4.92,4.88,4.98,4.96,4.85,4.85,2,2.11,1,120,120,1.7575101217692657,371.0
1,1,1,1,1,2,1.0,1.0,1.0,1,365,115,169,255,4.9,4.91,4.96,4.93,4.96,4.92,4.9,1,4.85,1,109,34,8.44683554428908,200.0
1,1,1,1,0,4,1.0,2.0,2.0,1,365,311,173,255,4.95,4.97,4.98,4.96,4.96,4.98,4.9,1,4.3,1,128,39,2.5199198134690928,232.0
0,2,1,1,0,6,1.5,3.0,3.0,2,1125,59,19,24,4.95,4.89,5.0,5.0,5.0,4.84,4.84,1,0.49,1,40,39,3.464330843471171,526.5
1,2,1,1,0,2,1.0,1.0,1.0,2,999,302,13,54,5.0,5.0,5.0,5.0,5.0,4.92,4.92,2,0.65,1,83,58,7.2060980274430495,330.0
1,17,1,1,0,4,1.0,1.0,3.0,2,999,233,25,18,4.68,4.8,4.6,4.76,4.6,4.92,4.36,4,0.64,1,41,40,5.606559936932154,315.0
1,17,1,1,0,2,1.0,1.0,1.0,2,999,233,26,12,4.65,4.77,4.35,4.85,4.81,4.92,4.31,4,0.66,1,41,40,5.7468635661915135,305.0
1,3,1,1,0,2,1.0,1.0,1.0,2,1125,292,29,138,5.0,4.97,5.0,5.0,5.0,5.0,4.9,3,1.38,1,77,21,3.6039354221000193,565.0
1,2,1,1,0,6,2.0,3.0,3.0,1,1125,312,120,198,4.92,4.93,4.92,4.98,4.96,4.83,4.78,1,3.49,1,142,105,3.6628634117355805,594.0
0,49,1,1,0,11,2.5,4.0,7.0,2,365,297,45,108,4.76,4.78,4.84,4.91,4.84,4.91,4.69,3,1.4,1,62,62,9.77454552534273,896.0
1,17,1,1,0,2,1.0,1.0,1.0,2,999,333,38,54,4.63,4.76,4.61,4.95,4.76,4.84,4.13,4,1.13,1,41,40,7.570352615145821,545.0
0,1,1,1,0,6,3.0,3.0,3.0,1,1125,312,54,90,5.0,4.98,4.98,5.0,5.0,4.98,4.98,1,1.56,1,155,34,7.988660699745898,900.0
0,18,1,1,0,8,2.0,4.0,4.0,2,365,101,44,72,4.91,4.95,4.8,4.77,4.91,4.82,4.77,11,1.32,1,53,53,14.722344866467434,640.0
1,6,1,1,0,6,2.0,3.0,3.0,1,365,305,30,84,4.93,4.9,4.93,4.97,5.0,5.0,4.83,6,0.92,1,79,79,3.4363855833882053,565.0
1,6,1,1,0,6,2.0,3.0,6.0,1,99,201,3,12,5.0,5.0,5.0,5.0,5.0,5.0,5.0,6,0.22,1,79,79,10.235318383030874,476.0
1,6,1,1,0,2,1.0,1.0,1.0,1,99,162,1,6,5.0,5.0,5.0,5.0,5.0,5.0,5.0,6,0.42,1,79,79,10.155929604047339,476.0
1,6,1,1,0,6,2.0,3.0,5.0,1,99,213,3,12,5.0,5.0,5.0,5.0,5.0,5.0,5.0,6,0.12,1,79,79,10.155929604047339,556.0
1,2,1,1,0,2,1.0,1.0,1.0,2,14,150,52,138,4.98,4.98,5.0,5.0,4.98,4.92,4.94,1,1.91,1,98,27,10.55291727502285,413.5
0,3,1,1,0,3,1.0,1.0,2.0,1,1125,102,31,30,4.26,4.42,4.48,4.55,4.58,4.74,4.23,3,0.93,1,49,48,6.040482403521568,408.0
0,3,1,1,0,3,1.0,1.0,2.0,1,45,107,71,90,4.68,4.56,4.68,4.8,4.86,4.92,4.55,3,2.13,1,49,48,6.040482403521568,368.0
1,2,1,1,0,6,2.0,3.0,3.0,2,1125,189,119,228,4.97,4.95,4.9,4.99,4.94,4.98,4.87,2,3.87,1,82,30,2.296049899737091,417.0
1,2,1,1,0,4,1.0,2.0,3.0,2,365,94,77,234,5.0,4.99,4.99,5.0,5.0,4.99,4.96,2,3.13,1,69,24,0.452959244718731,636.5
1,1,1,1,0,6,1.0,3.0,4.0,2,365,235,79,138,4.87,4.92,4.94,4.97,4.96,4.97,4.76,1,2.46,1,114,31,2.6659012673030684,296.5
0,2,1,1,0,8,1.0,4.0,3.0,2,365,356,4,18,4.75,4.75,4.75,5.0,4.75,5.0,4.5,2,0.26,1,122,122,23.74880670409047,417.5
1,1,1,1,0,8,1.0,4.0,4.0,2,14,275,67,168,4.97,4.99,4.96,4.93,4.99,4.9,4.9,1,2.36,1,31,30,6.057034903476771,663.0
1,1,1,1,0,4,1.0,2.0,2.0,1,1125,264,101,240,4.84,4.88,4.97,4.96,4.99,4.82,4.61,1,3.32,1,31,31,9.159532734321926,325.0
0,2,1,1,0,2,1.5,1.0,1.0,2,10,348,5,6,5.0,5.0,5.0,5.0,5.0,4.8,5.0,2,0.18,1,30,30,10.010124499968843,702.0
1,2,1,1,0,10,2.0,5.0,5.0,2,730,244,126,255,4.93,4.89,4.98,4.96,4.97,4.9,4.86,2,4.31,1,70,29,2.1996817866997693,650.0
0,1,1,1,1,3,1.0,3.0,3.0,1,365,269,5,18,5.0,5.0,5.0,5.0,5.0,4.8,5.0,1,0.18,1,140,131,21.107611576110564,143.0
0,2,1,1,0,2,1.0,1.0,1.0,2,365,332,2,6,5.0,5.0,5.0,5.0,5.0,5.0,5.0,2,0.09,1,83,47,1.8354378151216946,814.5
1,6,1,1,0,4,1.0,2.0,2.0,2,365,304,21,78,4.67,4.76,4.76,4.95,4.57,4.81,4.67,6,0.72,1,86,84,8.7275545171388,262.5
1,6,1,1,0,4,1.0,2.0,2.0,2,365,291,50,180,4.84,4.88,4.86,5.0,4.74,4.92,4.7,6,1.81,1,86,84,8.639999873897965,250.0
1,1,1,1,0,6,1.0,3.0,3.0,2,60,261,44,126,4.86,4.75,4.66,4.98,4.98,4.95,4.73,1,1.76,1,28,26,14.832380764531766,500.0
1,25,1,1,0,4,1.0,1.0,1.0,1,365,251,64,192,4.78,4.88,4.61,4.95,4.97,4.84,4.64,1,2.27,1,119,49,16.067466255920927,316.0
1,9,1,1,0,6,2.0,3.0,4.0,2,365,311,25,84,5.0,5.0,5.0,4.96,5.0,5.0,5.0,4,1.1,1,96,88,10.905721726453486,787.5
1,1,1,1,0,2,1.0,1.0,1.0,2,7,233,33,108,5.0,5.0,4.94,5.0,5.0,4.94,4.97,1,1.2,1,28,27,10.204866360460109,316.0
0,1,1,1,1,2,1.0,1.0,1.0,1,7,5,17,60,5.0,5.0,5.0,5.0,5.0,5.0,4.94,1,0.9,1,27,19,7.1364375313787445,258.0
1,1,1,1,0,8,2.0,4.0,5.0,2,365,216,27,108,5.0,4.96,5.0,5.0,5.0,4.96,4.96,1,1.34,1,138,20,8.024505020071608,645.0
1,12,1,1,0,7,1.0,3.0,4.0,2,365,329,61,156,4.92,4.93,4.88,4.98,5.0,4.97,4.9,1,2.37,1,30,30,26.476912293558254,280.0
0,33,1,1,0,4,1.0,1.0,2.0,1,14,331,20,48,4.3,4.45,4.4,4.5,4.4,4.65,4.15,1,0.8,1,107,106,19.82086219033861,260.0
0,1,1,1,1,2,1.0,1.0,1.0,2,1125,149,14,36,4.86,4.92,5.0,4.85,4.92,4.77,4.69,1,0.66,1,104,21,8.08425044885009,151.0
0,1,1,1,0,6,2.0,3.0,3.0,2,365,116,14,12,5.0,4.93,5.0,4.93,5.0,4.57,4.93,1,0.56,1,25,25,2.1944434556260735,449.0
0,1,1,1,0,6,2.0,3.0,3.0,2,365,257,43,162,4.95,4.98,4.95,5.0,5.0,5.0,4.84,1,1.97,1,142,12,2.385260683516868,571.0
0,1,1,1,0,8,2.0,4.0,5.0,2,21,157,6,30,4.83,5.0,5.0,5.0,5.0,5.0,5.0,1,0.39,1,146,65,10.60409107142787,935.77
0,8,1,1,1,2,1.0,1.0,1.0,1,365,336,1,6,4.0,5.0,5.0,5.0,5.0,5.0,4.0,8,0.27,1,85,85,3.6319840938736494,371.0
0,8,1,1,1,2,1.0,1.0,1.0,1,365,326,1,6,5.0,5.0,5.0,5.0,5.0,5.0,4.0,8,0.17,1,85,85,3.638650905026018,388.0
0,8,1,1,1,2,1.0,1.0,1.0,1,365,342,0,0,-1.0,-1.0,-1.0,-1.0,-1.0,-1.0,-1.0,8,0.0,0,85,85,3.6071803989611144,462.0
0,8,1,1,1,2,1.0,1.0,1.0,1,365,350,1,0,5.0,5.0,5.0,5.0,5.0,5.0,5.0,8,0.04,1,85,85,3.5710653816094897,469.0
0,8,1,1,1,2,1.0,1.0,1.0,1,365,351,1,6,5.0,5.0,5.0,5.0,5.0,5.0,4.0,8,0.14,1,85,85,3.656515999295146,469.09
0,8,1,1,1,4,1.0,2.0,2.0,1,365,339,1,6,5.0,5.0,5.0,5.0,5.0,5.0,5.0,8,0.12,1,85,85,3.5883388212359106,707.0
0,8,1,1,1,2,1.0,1.0,1.0,1,365,356,0,0,-1.0,-1.0,-1.0,-1.0,-1.0,-1.0,-1.0,8,0.0,0,85,85,3.615969010239605,554.29
0,18,1,1,0,9,2.0,5.0,5.0,2,365,104,27,90,4.48,4.59,4.63,4.89,4.7,4.93,4.41,11,1.21,1,53,53,4.85210659588516,502.5
0,1,1,1,0,5,1.0,2.0,3.0,2,1125,350,15,66,5.0,5.0,5.0,5.0,5.0,5.0,4.67,1,0.78,1,23,22,2.2517650634285995,450.0
0,1,0,1,0,2,1.0,1.0,1.0,2,1125,351,15,42,5.0,5.0,5.0,5.0,4.93,4.93,4.8,1,0.67,1,22,22,14.962086393383203,452.0
1,43,1,1,0,8,2.0,4.0,5.0,2,365,346,24,96,4.96,4.96,4.83,5.0,4.92,4.92,4.79,1,1.07,1,137,100,9.443460304821475,543.5
1,1,1,1,0,4,1.0,2.0,2.0,2,31,147,72,246,4.97,4.97,4.94,5.0,5.0,5.0,4.92,1,3.24,1,48,22,2.084268272931463,280.0
1,3,1,1,0,4,1.0,2.0,3.0,2,1125,317,5,12,5.0,5.0,5.0,5.0,5.0,5.0,5.0,3,0.26,1,77,21,3.5710595757985626,536.0
1,3,1,1,0,2,1.0,1.0,1.0,2,1125,304,13,12,5.0,5.0,5.0,5.0,5.0,5.0,4.85,3,0.63,1,77,21,3.481966752008155,461.0
1,6,1,1,0,3,1.0,1.0,2.0,2,365,312,26,102,4.85,4.85,4.88,4.88,4.85,4.81,4.81,4,1.42,1,55,20,3.631750410624297,200.5
1,6,1,1,0,3,1.0,1.0,2.0,2,365,306,5,24,4.8,4.8,5.0,5.0,5.0,5.0,4.8,4,0.31,1,55,20,3.6507958015719826,220.0
1,6,1,1,0,3,1.0,1.0,2.0,2,365,305,10,36,4.8,4.9,4.9,5.0,4.9,4.9,4.8,4,0.55,1,55,20,3.6288035883322283,225.0
1,6,1,1,0,3,1.0,1.0,2.0,2,365,287,41,216,4.93,4.83,4.9,4.9,4.98,4.85,4.78,4,2.36,1,55,20,3.6780280356831727,225.0
1,2,0,1,0,8,2.5,4.0,4.0,2,365,284,6,24,4.83,5.0,4.67,5.0,5.0,5.0,4.83,2,0.33,1,19,19,2.158445404854473,988.0
1,1,1,1,0,2,1.0,1.0,1.0,1,1125,326,32,138,5.0,4.91,4.91,4.97,4.97,4.91,4.84,1,1.75,1,60,18,14.112775453466849,278.0
0,7,1,1,0,9,3.0,5.0,5.0,2,1125,198,47,162,4.4,4.62,4.57,4.77,4.72,4.81,4.34,2,2.54,1,41,31,7.057227014286821,508.0
1,1,1,1,0,6,1.0,3.0,3.0,2,365,302,84,255,4.99,5.0,4.98,5.0,5.0,4.96,4.98,1,4.67,1,130,18,3.674486623703029,514.0
1,1,1,1,0,4,1.0,2.0,2.0,2,30,155,40,174,4.88,4.93,5.0,4.95,4.95,4.88,4.83,1,2.47,1,130,18,7.9801634433428585,320.0
0,1,1,1,0,8,2.0,4.0,3.0,2,1125,52,5,12,5.0,5.0,5.0,5.0,5.0,5.0,5.0,1,0.28,1,87,18,10.791092226719972,834.0
1,1,1,1,0,3,1.0,1.0,2.0,1,730,169,38,144,4.87,4.84,4.97,4.92,4.89,4.89,4.82,1,2.07,1,124,18,9.10105394252403,183.0
1,1,1,1,0,4,1.0,1.0,2.0,1,60,325,53,255,4.98,4.98,4.91,4.98,4.98,4.92,4.92,1,3.31,1,83,16,2.998942169200105,198.0
1,2,0,1,0,10,3.0,4.0,6.0,2,365,307,8,36,4.88,4.63,4.75,5.0,4.88,4.88,4.63,2,0.61,1,19,19,2.092637492617364,934.5
1,1,1,1,0,6,1.0,3.0,3.0,1,365,190,15,66,4.87,4.93,4.73,5.0,4.93,4.87,4.53,1,1.02,1,126,16,2.8878826486936,525.0
0,49,1,1,0,6,2.5,3.0,3.0,2,365,285,52,240,5.0,5.0,5.0,5.0,4.98,4.96,4.96,3,3.21,1,62,62,2.8179266923343613,715.0
1,2,1,1,0,6,1.0,3.0,3.0,2,365,105,31,144,4.94,4.94,4.97,4.97,5.0,4.97,4.84,2,2.14,1,120,120,2.438336279325194,513.5
1,9,1,1,0,6,1.0,3.0,3.0,2,365,56,0,0,-1.0,-1.0,-1.0,-1.0,-1.0,-1.0,-1.0,4,0.0,0,96,88,2.442871242202926,581.5
1,9,1,1,0,6,2.0,3.0,3.0,2,365,252,12,60,5.0,5.0,5.0,5.0,5.0,5.0,4.92,4,0.9,1,96,88,1.9004124315428859,505.0
1,1,0,1,0,5,1.0,3.0,3.0,2,365,78,21,96,4.9,4.95,4.95,4.95,5.0,4.86,4.76,1,1.44,1,118,18,2.9726137821877554,420.0
0,12,1,1,0,6,1.0,3.0,3.0,2,1125,302,28,132,4.86,4.89,4.75,4.93,5.0,4.96,4.79,1,1.79,1,80,16,8.379201518025896,362.5
1,1,1,1,0,3,1.0,2.0,2.0,1,1125,360,15,72,4.87,4.93,5.0,4.93,4.93,5.0,4.87,1,1.02,1,115,78,20.98499324489602,281.0
1,1,1,1,0,2,1.0,1.0,1.0,1,3,326,63,255,4.89,4.97,4.97,4.95,4.92,4.86,4.92,1,4.14,1,15,15,10.697501889323766,157.0
1,1,1,1,0,6,1.5,3.0,3.0,1,14,77,32,168,4.94,4.94,4.94,5.0,5.0,5.0,4.84,1,2.13,1,52,14,6.2892912192941655,346.0
1,2,1,1,0,5,1.0,3.0,3.0,2,365,297,20,96,4.8,4.95,4.75,4.9,4.85,4.95,4.7,2,1.37,1,82,30,2.53766061781306,337.0
0,1,1,1,0,6,1.0,2.0,3.0,1,150,326,53,255,5.0,4.98,5.0,5.0,4.98,5.0,4.92,1,3.66,1,24,14,1.9198714075636458,476.0
0,1,1,1,0,5,1.0,2.0,3.0,1,90,325,9,54,4.89,5.0,4.89,5.0,4.89,5.0,5.0,1,1.15,1,135,12,1.0403700691301097,310.0
1,2,0,1,0,4,1.0,1.0,2.0,2,365,102,6,36,4.33,4.33,4.83,4.33,4.5,4.5,4.33,2,0.54,1,12,11,21.358960701058965,242.0
0,1,1,1,0,4,1.0,2.0,2.0,2,365,315,8,48,5.0,4.88,5.0,5.0,5.0,4.88,4.88,1,0.68,1,12,11,9.464994433777393,510.0
1,1,1,1,0,6,1.0,3.0,4.0,1,365,212,52,255,4.98,5.0,5.0,4.98,5.0,4.96,4.96,1,4.38,1,108,11,2.0651474985271223,377.0
1,1,1,1,0,6,1.0,3.0,4.0,2,90,282,43,255,4.88,4.86,4.93,4.95,4.95,4.88,4.81,1,4.17,1,124,117,2.5972610179218174,417.0
0,4,1,1,1,2,1.0,1.0,1.0,2,365,315,1,6,5.0,5.0,5.0,5.0,5.0,5.0,5.0,4,0.45,1,11,6,7.7870184668566935,359.0
1,2,1,1,0,8,2.0,3.0,4.0,2,365,92,0,0,-1.0,-1.0,-1.0,-1.0,-1.0,-1.0,-1.0,2,0.0,0,69,24,0.4180511738528178,775.0
0,1,1,1,0,4,1.0,2.0,2.0,2,1125,156,2,12,5.0,5.0,5.0,5.0,5.0,5.0,5.0,1,2.0,1,103,2,16.116736695251547,266.35
1,2,0,1,0,6,1.0,2.0,3.0,2,365,102,7,42,5.0,4.71,5.0,4.86,4.86,4.57,4.71,2,0.72,1,12,11,21.28018508142105,254.5
1,6,1,1,0,8,2.5,4.0,5.0,2,30,198,16,96,4.94,4.94,4.75,5.0,4.94,4.94,4.81,1,1.69,1,110,99,11.307343871521217,455.0
0,7,1,1,0,10,2.0,5.0,5.0,2,1125,225,21,126,4.62,4.52,4.48,4.81,4.81,4.86,4.57,2,2.15,1,41,31,3.5804336450088114,539.0
0,2,1,1,0,6,1.0,2.0,6.0,2,365,237,7,42,4.29,4.43,4.71,4.86,4.43,4.71,4.43,1,0.79,1,43,43,2.888991776688048,493.0
0,38,1,1,0,6,1.0,3.0,3.0,1,365,136,16,96,4.13,4.44,4.5,4.75,4.5,4.69,4.38,5,1.87,1,38,38,2.2188330880660874,274.0
0,16,1,1,0,2,1.0,1.0,1.0,1,30,272,4,24,4.0,4.33,3.0,5.0,5.0,4.33,3.67,6,0.45,1,12,9,10.074105097526102,507.0
0,2,1,1,0,2,1.0,1.0,1.0,2,365,336,5,30,5.0,5.0,5.0,5.0,5.0,5.0,4.8,2,0.98,1,79,7,2.7772333869700003,395.0
0,16,1,1,0,2,1.0,1.0,1.0,1,30,273,2,12,4.5,4.0,5.0,4.5,5.0,5.0,4.0,6,0.24,1,12,9,10.024003865590698,507.0
0,16,1,1,0,2,1.0,1.0,1.0,1,30,272,6,36,4.83,5.0,5.0,5.0,4.83,5.0,5.0,6,0.67,1,12,9,10.041474108789407,507.0
0,16,1,1,0,2,1.0,1.0,1.0,1,30,274,3,18,5.0,5.0,5.0,5.0,5.0,5.0,5.0,6,0.4,1,12,9,9.955060886167706,507.0
0,38,1,1,0,6,1.0,3.0,3.0,2,365,136,19,114,4.53,4.53,4.63,4.68,4.68,4.74,4.32,5,2.31,1,38,38,2.295949246293378,209.0
0,16,1,1,0,2,1.0,1.0,1.0,1,30,274,2,12,4.0,4.5,3.5,5.0,4.0,5.0,4.0,6,0.23,1,12,9,9.928607226822635,507.0
0,1,0,1,0,5,2.0,3.0,4.0,1,1125,352,40,240,4.48,4.6,4.23,4.9,4.93,4.8,4.5,1,4.84,1,8,8,16.31310873862224,240.0
0,1,1,1,0,5,1.0,3.0,3.0,2,90,252,1,6,5.0,5.0,5.0,5.0,5.0,5.0,5.0,1,0.39,1,8,5,2.003763651781322,354.0
0,1,1,1,1,2,1.0,1.0,1.0,1,1125,326,14,84,5.0,4.86,5.0,5.0,4.93,4.93,4.93,1,2.36,1,105,6,19.280005735113615,185.0
1,1,1,1,0,2,1.0,1.0,1.0,1,1125,322,31,186,4.97,4.94,4.97,5.0,5.0,4.94,5.0,1,4.74,1,127,127,10.605574226856124,250.0
0,16,1,1,0,2,1.0,1.0,1.0,1,365,276,1,6,5.0,5.0,5.0,5.0,5.0,5.0,5.0,6,0.37,1,12,9,9.967410760428105,440.8
0,1,1,1,0,9,1.5,3.0,4.0,2,42,283,12,72,5.0,5.0,5.0,5.0,5.0,5.0,5.0,1,3.4,1,67,4,7.868931892568682,536.5
0,295,1,1,0,6,2.0,3.0,3.0,1,365,353,18,108,4.72,4.72,4.5,4.83,4.72,4.94,4.44,1,1.61,1,151,151,3.307741481142671,468.5
1,2,1,1,0,8,2.0,4.0,4.0,2,365,282,19,114,4.95,4.94,5.0,4.94,4.89,4.89,4.83,2,3.48,1,70,29,1.8955427576293922,600.0
1,4,1,1,0,11,4.0,4.0,7.0,2,365,253,2,12,5.0,5.0,5.0,5.0,5.0,5.0,5.0,1,1.2,1,127,43,8.159459506067426,904.5
0,1,1,1,0,7,1.5,3.0,4.0,1,365,272,1,6,4.0,5.0,4.0,5.0,4.0,3.0,4.0,1,0.18,1,6,6,9.91856334289819,665.0
0,4,1,1,1,2,1.0,1.0,1.0,2,365,317,0,0,-1.0,-1.0,-1.0,-1.0,-1.0,-1.0,-1.0,4,0.0,0,11,6,7.667103560407805,359.0
0,1,1,1,0,6,1.5,2.0,2.0,2,1125,302,1,6,5.0,5.0,5.0,5.0,5.0,5.0,5.0,1,0.39,1,50,5,1.9132892650085642,471.0
0,2,1,1,0,8,3.5,4.0,4.0,2,365,210,2,12,5.0,5.0,5.0,5.0,5.0,5.0,5.0,2,0.98,1,151,150,8.016335262861187,999.0
0,2,1,1,0,2,1.0,1.0,1.0,1,365,257,8,48,4.75,5.0,5.0,5.0,5.0,5.0,4.75,2,1.79,1,151,150,8.014154481306718,320.0
0,4,1,1,1,2,1.0,1.0,1.0,2,14,318,1,6,5.0,5.0,5.0,5.0,5.0,5.0,5.0,4,0.81,1,11,6,7.731469498593663,359.0
0,4,1,1,1,2,1.0,1.0,1.0,2,14,318,0,0,-1.0,-1.0,-1.0,-1.0,-1.0,-1.0,-1.0,4,0.0,0,11,6,7.774957076726015,359.0
0,2,1,1,0,8,4.5,4.0,6.0,2,365,283,8,48,4.75,4.88,5.0,4.75,4.88,5.0,4.88,2,1.86,1,20,5,3.014911506475015,853.5
0,1,1,1,0,8,1.0,4.0,4.0,2,28,292,6,36,5.0,5.0,5.0,4.83,5.0,4.83,4.83,1,1.96,1,5,3,26.33584814140934,355.67
0,2,1,1,0,2,1.0,1.0,1.0,2,365,355,1,6,5.0,5.0,5.0,5.0,5.0,5.0,5.0,2,0.34,1,79,7,2.6887666033795186,395.0
0,2,1,1,0,8,4.5,4.0,6.0,2,365,339,1,6,5.0,5.0,5.0,5.0,5.0,5.0,5.0,2,0.68,1,20,5,2.8263933198226594,898.0
0,38,1,1,0,6,1.0,2.0,3.0,1,365,267,0,0,-1.0,-1.0,-1.0,-1.0,-1.0,-1.0,-1.0,5,0.0,0,38,38,2.4488627413283406,278.0
0,38,1,1,0,5,1.0,2.0,3.0,1,365,241,5,30,4.8,4.4,4.4,4.4,5.0,4.8,4.6,5,1.74,1,38,38,2.5580982196733846,256.0
0,2,1,1,0,4,1.0,2.0,3.0,2,365,350,0,0,-1.0,-1.0,-1.0,-1.0,-1.0,-1.0,-1.0,2,0.0,0,122,117,2.9996309149172324,285.5
0,38,1,1,0,11,2.0,5.0,6.0,1,365,318,1,6,4.0,4.0,3.0,4.0,5.0,5.0,5.0,5,1.0,1,38,38,2.3050297871143997,672.0
0,1,1,1,0,4,1.5,2.0,2.0,1,365,342,4,24,5.0,5.0,5.0,5.0,5.0,5.0,5.0,1,4.0,1,109,1,2.201318045275768,393.0
0,5,1,1,0,8,1.5,3.0,3.0,1,365,254,3,18,3.33,3.0,3.67,5.0,4.67,4.67,2.67,2,2.37,1,104,104,5.082805830680207,330.0
0,1,1,1,0,4,1.0,2.0,1.0,2,1125,267,7,42,5.0,5.0,5.0,5.0,5.0,5.0,5.0,1,3.82,1,89,2,8.676970768493868,223.0
0,1,1,1,0,6,2.0,3.0,3.0,2,28,304,0,0,-1.0,-1.0,-1.0,-1.0,-1.0,-1.0,-1.0,1,0.0,0,23,2,2.9595243784378087,507.5
0,1,1,1,0,8,2.0,4.0,5.0,1,999,257,0,0,-1.0,-1.0,-1.0,-1.0,-1.0,-1.0,-1.0,1,0.0,0,62,31,7.304802360859245,650.0
0,2,1,1,1,4,2.0,2.0,2.0,2,5,176,0,0,-1.0,-1.0,-1.0,-1.0,-1.0,-1.0,-1.0,1,0.0,0,76,43,2.9821506137007963,397.5
0,5,1,1,0,8,1.5,3.0,3.0,2,365,342,0,0,-1.0,-1.0,-1.0,-1.0,-1.0,-1.0,-1.0,2,0.0,0,104,104,5.120999522781827,256.0
