host_is_superhost,host_listings_count,host_has_profile_pic,host_identity_verified,latitude,longitude,property_type_Entire guest suite,property_type_Entire guesthouse,property_type_Entire home,property_type_Entire loft,property_type_Entire rental unit,property_type_Entire townhouse,property_type_Private room in bed and breakfast,property_type_Private room in guest suite,property_type_Private room in home,property_type_Private room in rental unit,property_type_Private room in townhouse,property_type_Private room in villa,property_type_Room in aparthotel,property_type_Room in hotel,room_type_Hotel room,room_type_Private room,accommodates_2,accommodates_3,accommodates_4,accommodates_5,accommodates_6,accommodates_7,bathrooms,bedrooms,beds,minimum_nights,maximum_nights,availability_365,number_of_reviews,estimated_occupancy_l365d,review_scores_rating,review_scores_accuracy,review_scores_cleanliness,review_scores_checkin,review_scores_communication,review_scores_location,review_scores_value,calculated_host_listings_count,reviews_per_month,has_reviews,host_user_total_months,host_host_total_months,price
1,7,1,1,42.65222,-73.76724,0,0,0,0,1,0,0,0,0,0,0,0,0,0,0,0,0,1,0,0,0,0,1.0,1.0,1.0,1.0,1125.0,328,317,48,4.75,4.88,4.87,4.85,4.81,4.82,4.78,7,2.2,1,142,142,211.0
0,2,1,1,42.64615,-73.75966,0,0,0,0,1,0,0,0,0,0,0,0,0,0,0,0,1,0,0,0,0,0,1.0,1.0,1.0,1.0,1125.0,25,406,222,4.52,4.62,4.44,4.81,4.87,4.75,4.63,2,3.0,1,135,135,97.0
1,7,1,1,42.65222,-73.76724,0,0,0,0,1,0,0,0,0,0,0,0,0,0,0,0,1,0,0,0,0,0,1.0,1.0,1.0,1.0,1125.0,359,332,6,4.73,4.83,4.71,4.83,4.7,4.8,4.72,7,2.47,1,142,142,160.0
0,2,1,1,42.64734,-73.75851,0,0,0,0,0,0,0,0,0,1,0,0,0,0,0,1,1,0,0,0,0,0,1.0,1.0,2.0,1.0,1125.0,235,469,255,4.58,4.73,4.53,4.84,4.87,4.77,4.68,2,3.71,1,135,135,86.0
1,2,1,1,42.66078,-73.80553,0,0,0,0,0,0,0,1,0,0,0,0,0,0,0,1,0,0,0,0,0,0,1.0,1.0,1.0,1.0,1125.0,154,906,255,4.84,4.9,4.79,4.93,4.89,4.93,4.91,2,7.18,1,158,124,58.0
0,2,1,1,42.67583,-73.78297,0,0,0,0,0,0,0,0,1,0,0,0,0,0,0,1,0,0,0,0,0,0,1.5,1.0,1.0,15.0,112.0,364,231,0,4.81,4.87,4.37,4.94,4.96,4.52,4.87,2,1.89,1,123,123,62.87
0,2,1,1,42.65154,-73.76867,0,0,0,0,0,0,0,0,0,1,0,0,0,0,0,1,0,0,0,0,0,0,1.0,1.0,2.0,5.0,300.0,263,29,10,4.83,4.9,4.59,4.83,4.9,4.72,4.76,2,0.41,1,121,70,64.0
0,1,1,1,42.66972,-73.82753,0,0,1,0,0,0,0,0,0,0,0,0,0,0,0,0,0,0,0,0,1,0,2.0,4.0,4.0,2.0,1125.0,319,200,66,4.66,4.8,4.71,4.9,4.87,4.81,4.77,1,1.65,1,175,120,313.0
0,13,1,1,42.65726,-73.78219,0,0,0,0,0,0,0,0,1,0,0,0,0,0,0,1,0,0,0,0,0,0,1.0,1.0,1.0,18.0,1125.0,276,55,36,4.67,4.8,4.6,4.94,4.76,4.67,4.76,2,0.46,1,131,122,51.89
1,8,1,1,42.673512,-73.819679,0,0,1,0,0,0,0,0,0,0,0,0,0,0,0,0,0,0,0,0,0,1,2.0,2.0,2.0,1.0,730.0,305,143,180,4.95,4.96,4.91,4.99,4.98,4.85,4.69,8,1.22,1,162,131,394.0
1,2,1,1,42.65651,-73.77887,0,0,0,0,0,0,0,0,1,0,0,0,0,0,0,1,1,0,0,0,0,0,1.0,1.0,1.0,2.0,1125.0,97,55,42,4.69,4.85,4.8,4.87,4.75,4.82,4.75,2,0.5,1,118,116,68.5
1,2,1,1,42.66075,-73.80605,0,0,0,0,0,0,0,1,0,0,0,0,0,0,0,1,1,0,0,0,0,0,1.0,1.0,1.0,1.0,1125.0,333,604,255,4.78,4.86,4.68,4.88,4.8,4.92,4.86,2,8.2,1,158,124,92.0
0,2,1,1,42.67614,-73.78169,0,0,0,0,0,0,0,0,1,0,0,0,0,0,0,1,0,0,0,0,0,0,1.5,1.0,1.0,15.0,112.0,364,132,0,4.92,4.91,4.53,4.96,4.96,4.67,4.94,2,1.18,1,123,123,60.67
0,13,1,1,42.6584,-73.78309,0,0,0,0,0,0,0,0,1,0,0,0,0,0,0,1,0,0,0,0,0,0,1.0,1.0,1.0,1.0,1125.0,332,56,0,4.75,4.71,4.57,4.93,4.95,4.7,4.66,2,0.5,1,131,122,52.43
1,8,1,1,42.67637,-73.82395,0,0,1,0,0,0,0,0,0,0,0,0,0,0,0,0,0,0,0,0,1,0,1.0,2.0,3.0,2.0,1125.0,350,58,0,4.97,4.93,5.0,4.98,5.0,4.97,4.79,8,0.58,1,162,131,411.5
1,3,1,1,42.65312,-73.78161,0,0,0,0,0,0,0,0,1,0,0,0,0,0,0,1,1,0,0,0,0,0,1.0,1.0,1.0,1.0,1125.0,228,92,60,4.96,4.97,4.95,4.98,4.95,4.95,4.93,3,0.99,1,145,93,92.0
1,8,1,1,42.675,-73.82382,0,0,1,0,0,0,0,0,0,0,0,0,0,0,0,0,0,0,0,0,1,0,1.0,2.0,3.0,1.0,1125.0,324,102,126,4.91,4.93,4.85,4.93,4.93,4.86,4.75,8,0.97,1,162,131,246.49
1,2,1,1,42.64939,-73.76865,0,0,0,0,1,0,0,0,0,0,0,0,0,0,0,0,0,0,1,0,0,0,1.0,1.0,2.0,2.0,1125.0,355,132,6,4.91,4.93,4.93,4.98,4.96,4.88,4.87,2,1.32,1,122,99,194.0
1,8,1,1,42.65532,-73.78244,0,0,1,0,0,0,0,0,0,0,0,0,0,0,0,0,1,0,0,0,0,0,1.0,1.0,1.0,2.0,1125.0,258,54,36,4.89,4.91,4.91,4.93,4.96,4.91,4.85,8,0.51,1,116,105,128.5
0,13,1,1,42.66565,-73.77975,0,0,0,0,0,0,0,0,1,0,0,0,0,0,0,1,1,0,0,0,0,0,1.0,1.0,1.0,18.0,1125.0,359,49,108,4.8,4.86,4.73,4.98,4.96,4.67,4.69,3,0.51,1,107,104,51.23
1,8,1,1,42.65372,-73.78244,0,0,0,0,1,0,0,0,0,0,0,0,0,0,0,0,1,0,0,0,0,0,1.0,1.0,1.0,2.0,1125.0,259,140,48,4.86,4.89,4.84,4.91,4.93,4.88,4.84,8,1.34,1,116,105,131.5
1,9,1,1,42.66045,-73.77833,0,0,0,0,1,0,0,0,0,0,0,0,0,0,0,0,0,0,1,0,0,0,1.0,1.0,2.0,3.0,730.0,236,191,60,4.75,4.86,4.77,4.92,4.98,4.57,4.76,9,1.83,1,104,103,114.33
0,13,1,1,42.66703,-73.77842,0,0,0,0,0,0,0,0,1,0,0,0,0,0,0,1,0,0,0,0,0,0,1.0,1.0,1.0,20.0,1125.0,303,28,80,4.79,4.68,4.57,4.96,5.0,4.68,4.71,3,0.27,1,107,104,49.0
1,8,1,1,42.65501,-73.78122,0,0,0,0,0,0,0,0,1,0,0,0,0,0,0,1,1,0,0,0,0,0,1.0,1.0,1.0,2.0,1125.0,312,142,120,4.91,4.9,4.93,4.97,4.94,4.93,4.84,8,1.38,1,116,105,103.0
1,8,1,1,42.65431,-73.78178,0,0,0,0,0,0,0,1,0,0,0,0,0,0,0,1,1,0,0,0,0,0,1.0,1.0,1.0,2.0,1125.0,352,58,48,4.93,4.97,4.93,4.95,4.95,4.91,4.79,8,0.62,1,116,105,97.0
0,1,1,1,42.65345,-73.7645,1,0,0,0,0,0,0,0,0,0,0,0,0,0,0,0,1,0,0,0,0,0,1.0,1.0,3.0,1.0,1125.0,102,996,255,4.9,4.94,4.91,4.97,4.96,4.92,4.92,1,10.2,1,151,96,115.0
0,1,1,1,42.65403,-73.76325,0,0,0,0,1,0,0,0,0,0,0,0,0,0,0,0,0,0,1,0,0,0,1.0,1.0,1.0,2.0,1125.0,309,173,186,4.86,4.94,4.83,4.98,4.98,4.95,4.83,1,1.81,1,156,69,137.0
1,8,1,1,42.6543083190918,-73.78177642822266,0,0,0,0,0,0,0,0,0,1,0,0,0,0,0,1,1,0,0,0,0,0,1.0,1.0,1.0,2.0,1125.0,296,39,78,5.0,5.0,4.95,5.0,5.0,4.92,4.95,8,0.44,1,116,105,100.0
0,1,1,1,42.64514,-73.80668,0,0,1,0,0,0,0,0,0,0,0,0,0,0,0,0,0,0,1,0,0,0,1.5,2.0,5.0,2.0,30.0,169,17,18,4.94,5.0,4.76,5.0,4.88,5.0,5.0,1,0.18,1,95,93,342.5
1,3,1,1,42.65464,-73.78348,0,0,0,0,0,0,0,0,0,1,0,0,0,0,0,1,1,0,0,0,0,0,1.0,1.0,1.0,1.0,730.0,224,280,60,4.96,4.98,4.97,4.96,4.98,4.96,4.96,3,3.03,1,145,93,69.0
0,14,1,1,42.64535,-73.75365,0,0,0,1,0,0,0,0,0,0,0,0,0,0,0,0,0,0,0,1,0,0,1.0,1.0,2.0,1.0,1125.0,353,749,255,4.8,4.87,4.84,4.87,4.91,4.71,4.81,11,8.14,1,128,92,142.0
0,14,1,1,42.64535,-73.75365,0,0,0,0,1,0,0,0,0,0,0,0,0,0,0,0,0,1,0,0,0,0,1.0,1.0,2.0,1.0,1125.0,338,692,255,4.72,4.77,4.71,4.83,4.89,4.6,4.7,11,7.57,1,128,92,119.0
0,2,1,1,42.6737,-73.75313,0,0,0,0,0,0,0,0,1,0,0,0,0,0,0,1,1,0,0,0,0,0,1.0,1.0,1.0,1.0,1125.0,149,9,12,5.0,5.0,5.0,5.0,5.0,5.0,4.89,1,0.1,1,96,92,195.0
1,7,1,1,42.65235,-73.76714,0,0,0,0,1,0,0,0,0,0,0,0,0,0,0,0,1,0,0,0,0,0,1.0,1.0,1.0,1.0,1125.0,357,137,180,4.71,4.86,4.82,4.85,4.64,4.79,4.69,7,1.48,1,142,142,186.0
1,8,1,1,42.6533,-73.78114,0,0,0,0,0,0,0,0,1,0,0,0,0,0,0,1,0,0,0,0,0,0,1.0,1.0,1.0,2.0,1125.0,225,78,60,4.95,4.94,4.95,4.95,4.97,4.96,4.94,8,0.87,1,116,105,100.0
0,1,1,1,42.6761,-73.73825,0,0,0,0,0,0,0,0,1,0,0,0,0,0,0,1,0,0,1,0,0,0,1.0,2.0,2.0,3.0,1125.0,270,1,0,5.0,5.0,5.0,5.0,5.0,5.0,5.0,1,0.05,1,116,76,202.67
0,14,1,1,42.64563,-73.75311,0,0,0,0,1,0,0,0,0,0,0,0,0,0,0,0,0,0,0,0,1,0,1.0,2.0,3.0,1.0,1125.0,348,488,216,4.69,4.76,4.68,4.77,4.83,4.64,4.69,11,5.53,1,128,92,188.0
0,14,1,1,42.64585,-73.75297,0,0,0,0,1,0,0,0,0,0,0,0,0,0,0,0,0,0,0,0,1,0,1.0,2.0,2.0,1.0,1125.0,350,505,252,4.74,4.8,4.74,4.84,4.87,4.61,4.74,11,5.79,1,128,92,186.0
1,3,1,1,42.65259,-73.78223,0,0,0,0,0,0,0,0,1,0,0,0,0,0,0,1,1,0,0,0,0,0,1.0,1.0,1.0,1.0,1125.0,228,224,156,4.99,4.97,4.96,4.99,4.95,4.95,4.96,3,2.65,1,145,93,69.0
1,17,1,1,42.64506,-73.75727,0,0,0,0,1,0,0,0,0,0,0,0,0,0,0,0,1,0,0,0,0,0,1.0,1.0,1.0,2.0,1125.0,73,336,150,4.81,4.83,4.84,4.85,4.84,4.32,4.77,14,3.97,1,89,85,145.0
1,2,1,1,42.65085,-73.80239,0,0,0,0,0,0,0,0,1,0,0,0,0,0,0,1,0,0,0,0,0,0,1.5,1.0,1.0,1.0,1125.0,236,490,255,4.97,4.99,4.99,4.98,4.98,4.98,4.98,2,5.95,1,100,88,75.0
1,4,1,1,42.65507,-73.76138,0,0,0,0,1,0,0,0,0,0,0,0,0,0,0,0,0,0,1,0,0,0,1.0,2.0,2.0,1.0,365.0,306,57,66,4.77,4.81,4.81,4.72,4.96,4.58,4.56,4,0.72,1,80,80,230.0
0,12,1,1,42.65483,-73.78033,0,0,0,0,1,0,0,0,0,0,0,0,0,0,0,0,0,0,1,0,0,0,1.0,1.0,1.0,5.0,1125.0,269,25,10,4.48,4.48,4.6,4.84,4.88,4.72,4.36,11,0.31,1,97,83,131.8
1,1,1,1,42.66091,-73.74285,0,0,0,0,1,0,0,0,0,0,0,0,0,0,0,0,0,0,1,0,0,0,1.0,2.0,2.0,1.0,14.0,169,247,54,4.94,4.95,4.89,4.96,4.93,4.72,4.83,1,3.16,1,150,113,303.0
1,9,1,1,42.66827,-73.79231,0,0,0,0,1,0,0,0,0,0,0,0,0,0,0,0,0,0,0,1,0,0,1.0,2.0,3.0,3.0,700.0,254,147,96,4.86,4.93,4.88,4.95,4.97,4.92,4.81,9,1.85,1,104,103,137.0
1,2,1,1,42.67773,-73.73899,0,0,1,0,0,0,0,0,0,0,0,0,0,0,0,0,0,0,1,0,0,0,1.0,1.0,3.0,1.0,800.0,224,175,12,4.99,4.99,4.99,4.99,4.99,4.97,4.95,1,2.24,1,127,122,177.0
0,12,1,1,42.65315,-73.76202,0,0,0,0,1,0,0,0,0,0,0,0,0,0,0,0,0,0,1,0,0,0,1.0,2.0,2.0,7.0,1125.0,360,25,0,4.76,4.72,4.8,4.8,4.8,4.8,4.68,11,0.32,1,97,83,132.4
0,2,1,1,42.63876,-73.78535,0,0,1,0,0,0,0,0,0,0,0,0,0,0,0,0,0,0,0,0,1,0,1.5,3.0,3.0,1.0,1125.0,140,142,144,4.78,4.87,4.63,4.85,4.93,4.6,4.77,1,1.9,1,180,75,294.42
1,3,1,1,42.64453,-73.75426,0,0,0,0,1,0,0,0,0,0,0,0,0,0,0,0,0,0,1,0,0,0,1.0,2.0,2.0,1.0,29.0,74,134,114,4.84,4.87,4.83,4.89,4.92,4.53,4.84,3,1.92,1,83,73,293.0
1,4,1,1,42.65556,-73.76205,0,0,0,0,1,0,0,0,0,0,0,0,0,0,0,0,0,1,0,0,0,0,1.0,1.0,2.0,1.0,1080.0,365,24,36,4.96,5.0,4.96,4.79,4.96,4.79,4.88,4,0.37,1,80,80,301.0
1,17,1,1,42.64383,-73.78926,0,0,1,0,0,0,0,0,0,0,0,0,0,0,0,0,0,0,0,0,1,0,1.0,3.0,3.0,2.0,1125.0,58,92,6,4.91,4.9,4.91,4.95,4.93,4.82,4.78,14,1.27,1,89,85,370.5
1,3,1,1,42.65935,-73.76805,0,0,0,0,1,0,0,0,0,0,0,0,0,0,0,0,0,0,1,0,0,0,1.0,2.0,1.0,1.0,365.0,306,401,174,4.97,4.98,4.99,4.98,4.99,4.95,4.96,3,5.57,1,71,71,140.0
1,3,1,1,42.66006,-73.76966,0,0,0,0,1,0,0,0,0,0,0,0,0,0,0,0,0,0,1,0,0,0,1.0,1.0,2.0,1.0,1125.0,320,330,168,4.99,4.98,4.99,4.98,5.0,4.97,4.97,3,4.61,1,71,71,159.0
1,6,1,1,42.64808,-73.7996,0,0,0,0,1,0,0,0,0,0,0,0,0,0,0,0,0,0,1,0,0,0,1.0,2.0,2.0,13.0,1125.0,242,28,52,4.86,4.93,4.71,4.96,4.96,4.96,4.79,6,0.4,1,71,70,173.54
0,1,1,1,42.66132,-73.7956,0,0,0,0,1,0,0,0,0,0,0,0,0,0,0,0,0,1,0,0,0,0,1.0,1.0,1.0,1.0,365.0,358,134,30,4.95,4.97,4.93,4.97,4.97,4.94,4.9,1,1.9,1,69,69,168.0
1,3,1,1,42.64454,-73.75369,0,0,0,1,0,0,0,0,0,0,0,0,0,0,0,0,0,0,1,0,0,0,1.0,2.0,3.0,1.0,29.0,73,57,102,4.68,4.79,4.8,4.89,4.77,4.39,4.59,3,0.99,1,83,73,166.0
0,17,1,1,42.64801,-73.75668,0,0,0,0,1,0,0,0,0,0,0,0,0,0,0,0,0,1,0,0,0,0,1.0,1.0,1.0,1.0,1125.0,185,102,18,4.61,4.71,4.71,4.8,4.83,4.49,4.56,16,1.56,1,127,64,217.0
0,17,1,1,42.64821,-73.75793,0,0,0,0,1,0,0,0,0,0,0,0,0,0,0,0,0,1,0,0,0,0,1.0,1.0,1.0,1.0,1125.0,330,132,54,4.79,4.83,4.87,4.85,4.92,4.48,4.72,16,2.01,1,127,64,217.0
0,17,1,1,42.64713,-73.75628,0,0,0,0,1,0,0,0,0,0,0,0,0,0,0,0,0,0,1,0,0,0,1.0,2.0,2.0,1.0,1125.0,183,155,54,4.64,4.71,4.71,4.88,4.85,4.46,4.56,16,2.37,1,127,64,234.0
1,1,1,1,42.65311,-73.78525,0,0,1,0,0,0,0,0,0,0,0,0,0,0,0,0,0,0,1,0,0,0,1.0,2.0,2.0,1.0,1125.0,234,280,132,4.99,4.99,4.99,4.99,4.99,4.9,4.94,1,4.29,1,121,64,331.0
1,9,1,1,42.66646,-73.79184,0,0,0,0,1,0,0,0,0,0,0,0,0,0,0,0,0,0,0,1,0,0,1.0,2.0,2.0,3.0,1125.0,243,121,150,4.88,4.88,4.83,4.94,4.98,4.74,4.84,9,1.85,1,104,103,133.67
1,7,1,1,42.65345,-73.76663,0,0,0,0,1,0,0,0,0,0,0,0,0,0,0,0,1,0,0,0,0,0,1.0,1.0,1.0,1.0,1125.0,335,116,255,4.71,4.82,4.78,4.69,4.72,4.67,4.71,7,1.78,1,142,142,180.0
1,9,1,1,42.67156,-73.80883,0,0,0,0,1,0,0,0,0,0,0,0,0,0,0,0,0,1,0,0,0,0,1.0,1.0,1.0,3.0,700.0,335,85,84,4.91,4.93,4.88,4.96,4.99,4.87,4.94,9,1.31,1,104,103,121.73
1,16,1,1,42.6692,-73.79849,0,0,0,0,0,0,0,0,1,0,0,0,0,0,0,1,0,1,0,0,0,0,1.0,1.0,2.0,1.0,1125.0,2,216,255,4.96,4.98,4.99,4.96,4.98,4.97,4.98,12,3.27,1,65,65,150.0
1,4,1,1,42.656,-73.76123,0,0,0,0,1,0,0,0,0,0,0,0,0,0,0,0,0,1,0,0,0,0,1.0,2.0,3.0,1.0,1125.0,205,29,48,4.55,4.69,4.52,4.76,4.76,4.31,4.34,4,0.44,1,80,80,197.67
1,7,1,1,42.65118,-73.75274,0,0,0,0,1,0,0,0,0,0,0,0,0,0,0,0,0,0,1,0,0,0,1.0,1.0,2.0,1.0,1125.0,248,190,120,4.84,4.9,4.95,4.95,4.85,4.9,4.82,2,2.92,1,64,64,218.0
1,21,1,1,42.66261,-73.78332,0,0,1,0,0,0,0,0,0,0,0,0,0,0,0,0,0,0,0,0,1,0,1.0,3.0,4.0,1.0,1125.0,331,175,48,4.79,4.87,4.95,4.94,4.93,4.49,4.65,21,2.69,1,72,71,264.75
1,7,1,1,42.64982,-73.7509,0,0,0,0,1,0,0,0,0,0,0,0,0,0,0,0,0,0,0,0,1,0,1.0,2.0,3.0,1.0,730.0,162,257,156,4.89,4.95,4.93,4.96,4.91,4.86,4.86,2,4.35,1,64,64,276.0
1,8,1,1,42.65399,-73.78126,0,0,0,0,0,0,0,0,1,0,0,0,0,0,0,1,0,0,0,0,0,0,1.0,1.0,1.0,2.0,1125.0,265,92,84,4.93,4.96,4.97,4.91,4.97,4.87,4.96,8,1.43,1,116,105,86.0
0,3,1,1,42.65429,-73.75986,0,0,0,0,1,0,0,0,0,0,0,0,0,0,0,0,1,0,0,0,0,0,1.0,1.0,1.0,2.0,1125.0,146,109,36,4.66,4.82,4.57,4.84,4.67,4.84,4.72,3,1.85,1,63,58,149.0
0,1,1,1,42.65157,-73.76546,0,0,0,0,1,0,0,0,0,0,0,0,0,0,0,0,1,0,0,0,0,0,1.0,1.0,1.0,2.0,365.0,88,221,180,4.99,5.0,4.99,4.96,4.98,4.9,4.97,1,3.75,1,127,58,126.5
0,17,1,1,42.65888,-73.74673,0,0,0,0,1,0,0,0,0,0,0,0,0,0,0,0,0,1,0,0,0,0,1.0,1.0,1.0,1.0,1125.0,185,105,96,4.72,4.78,4.71,4.85,4.86,4.48,4.7,16,1.72,1,127,64,215.0
1,1,1,1,42.66034,-73.77163,0,0,0,0,1,0,0,0,0,0,0,0,0,0,0,0,0,1,0,0,0,0,1.0,1.0,2.0,2.0,1125.0,318,201,96,4.97,4.98,4.94,4.99,4.98,4.82,4.92,1,3.7,1,114,53,188.5
0,12,1,1,42.65333,-73.76402,0,0,0,0,1,0,0,0,0,0,0,0,0,0,0,0,0,0,1,0,0,0,1.0,2.0,2.0,3.0,365.0,362,20,24,4.45,4.45,4.45,4.7,4.75,4.7,4.4,11,0.33,1,97,83,207.33
0,1,1,1,42.67945,-73.81647,0,0,0,0,0,0,0,0,1,0,0,0,0,0,0,1,0,0,0,0,0,0,1.0,1.0,1.0,3.0,180.0,119,46,6,4.93,4.85,4.83,4.96,4.96,4.91,4.91,1,0.8,1,100,59,96.0
0,17,1,1,42.65901,-73.74748,0,0,0,0,1,0,0,0,0,0,0,0,0,0,0,0,1,0,0,0,0,0,1.0,1.0,1.0,1.0,1125.0,194,47,12,4.64,4.81,4.89,4.91,4.83,4.38,4.57,16,0.79,1,127,64,217.0
0,1,1,1,42.66064,-73.76074,0,0,0,0,0,0,0,0,0,0,0,0,1,0,0,0,1,0,0,0,0,0,1.0,1.0,1.0,1.0,1125.0,125,278,138,4.73,4.84,4.92,4.8,4.88,4.21,4.7,1,4.65,1,58,58,112.0
1,1,1,1,42.65969,-73.77564,0,0,0,0,1,0,0,0,0,0,0,0,0,0,0,0,1,0,0,0,0,0,1.0,1.0,1.0,1.0,120.0,146,32,18,4.94,4.97,4.75,4.97,5.0,4.94,4.84,1,0.57,1,58,56,126.0
0,17,1,1,42.65856,-73.74866,0,0,0,0,1,0,0,0,0,0,0,0,0,0,0,0,0,1,0,0,0,0,1.0,1.0,1.0,1.0,1125.0,131,89,60,4.74,4.82,4.73,4.78,4.83,4.52,4.69,16,1.51,1,127,64,165.5
1,3,1,1,42.65844,-73.74978,0,0,0,0,1,0,0,0,0,0,0,0,0,0,0,0,1,0,0,0,0,0,1.0,1.0,1.0,2.0,365.0,360,98,48,4.74,4.88,4.6,4.93,4.89,4.5,4.77,3,1.72,1,123,57,161.5
1,9,1,1,42.63066,-73.77357,0,0,0,0,0,1,0,0,0,0,0,0,0,0,0,0,0,0,0,1,0,0,1.0,2.0,2.0,3.0,365.0,135,93,120,4.89,4.9,4.9,4.92,4.98,4.7,4.83,9,1.62,1,104,103,195.67
1,1,1,1,42.65641,-73.76413,1,0,0,0,0,0,0,0,0,0,0,0,0,0,0,0,1,0,0,0,0,0,1.0,1.0,1.0,1.0,1125.0,59,401,255,4.91,4.94,4.91,4.9,4.98,4.86,4.9,1,7.06,1,132,56,118.0
0,3,1,1,42.65386,-73.75958,0,0,0,0,1,0,0,0,0,0,0,0,0,0,0,0,1,0,0,0,0,0,1.0,1.0,1.0,2.0,1125.0,353,81,30,4.64,4.65,4.65,4.8,4.72,4.81,4.65,3,1.41,1,63,58,149.0
1,17,1,1,42.65674,-73.79221,0,0,1,0,0,0,0,0,0,0,0,0,0,0,0,0,0,0,0,0,1,0,1.0,3.0,3.0,2.0,1125.0,243,158,120,4.93,4.91,4.88,4.97,4.97,4.93,4.87,14,2.78,1,89,85,268.0
0,17,1,1,42.65812,-73.74837,0,0,0,0,1,0,0,0,0,0,0,0,0,0,0,0,0,1,0,0,0,0,1.0,1.0,1.0,1.0,1125.0,196,88,72,4.67,4.72,4.61,4.76,4.78,4.44,4.6,16,1.56,1,127,64,217.0
1,3,1,1,42.65826,-73.76944,0,0,0,0,1,0,0,0,0,0,0,0,0,0,0,0,0,0,1,0,0,0,1.0,1.0,2.0,1.0,1125.0,327,283,255,4.96,4.96,4.98,4.98,4.98,4.96,4.93,3,5.01,1,71,71,154.0
0,4,1,1,42.65204,-73.76655,0,0,0,0,1,0,0,0,0,0,0,0,0,0,0,0,1,0,0,0,0,0,1.0,1.0,1.0,1.0,28.0,89,308,234,4.86,4.88,4.77,4.94,4.96,4.78,4.82,4,5.61,1,54,54,177.0
0,17,1,1,42.65913,-73.74722,0,0,0,0,1,0,0,0,0,0,0,0,0,0,0,0,0,0,0,1,0,0,2.0,2.0,2.0,1.0,1125.0,178,144,144,4.59,4.72,4.56,4.72,4.77,4.36,4.52,16,2.62,1,127,64,269.0
0,20,1,1,42.66261,-73.79026,0,0,0,0,1,0,0,0,0,0,0,0,0,0,0,0,1,0,0,0,0,0,1.0,1.0,1.0,1.0,1125.0,248,124,114,4.76,4.81,4.79,4.88,4.94,4.83,4.73,16,2.54,1,131,87,146.0
0,20,1,1,42.65422,-73.76996,0,0,0,0,1,0,0,0,0,0,0,0,0,0,0,0,0,0,1,0,0,0,1.0,2.0,3.0,1.0,1125.0,325,82,78,4.9,4.94,4.9,4.95,5.0,4.83,4.88,16,1.59,1,131,87,183.0
0,20,1,1,42.65403,-73.77056,0,0,0,0,1,0,0,0,0,0,0,0,0,0,0,0,1,0,0,0,0,0,1.0,1.0,1.0,1.0,1125.0,337,192,255,4.88,4.89,4.83,4.91,4.96,4.8,4.82,16,3.55,1,131,87,173.0
1,9,1,1,42.65578,-73.78641,0,0,0,0,0,1,0,0,0,0,0,0,0,0,0,0,0,0,0,0,1,0,1.5,2.0,2.0,3.0,1125.0,219,87,174,4.89,4.92,4.89,4.94,4.97,4.77,4.89,9,1.92,1,104,103,143.67
1,9,1,1,42.65905,-73.77964,0,0,0,0,1,0,0,0,0,0,0,0,0,0,0,0,0,1,0,0,0,0,1.0,1.0,1.0,3.0,1125.0,319,66,54,4.73,4.77,4.88,4.88,4.98,4.39,4.68,9,1.33,1,104,103,136.67
0,1,1,1,42.66062,-73.79112,0,0,0,0,1,0,0,0,0,0,0,0,0,0,0,0,1,0,0,0,0,0,1.0,1.0,2.0,5.0,1125.0,363,2,0,3.0,3.0,3.0,4.0,4.0,4.5,3.0,1,0.04,1,54,51,95.17
1,6,1,1,42.64441,-73.75647,0,0,0,0,1,0,0,0,0,0,0,0,0,0,0,0,1,0,0,0,0,0,1.0,1.0,1.0,13.0,365.0,166,17,78,5.0,4.94,4.94,5.0,5.0,4.24,4.82,6,0.35,1,71,70,107.69
1,16,1,1,42.66911,-73.79869,0,0,0,0,0,0,0,0,1,0,0,0,0,0,0,1,1,0,0,0,0,0,1.0,1.0,1.0,1.0,1125.0,3,157,186,4.96,4.94,4.99,4.88,4.96,4.96,4.94,12,3.25,1,65,65,124.0
0,4,1,1,42.65353,-73.7679,0,0,0,0,1,0,0,0,0,0,0,0,0,0,0,0,1,0,0,0,0,0,1.0,1.0,1.0,1.0,28.0,91,242,255,4.84,4.93,4.83,4.91,4.95,4.76,4.83,4,4.84,1,54,54,177.0
1,6,1,1,42.64489,-73.75731,0,0,0,0,1,0,0,0,0,0,0,0,0,0,0,0,1,0,0,0,0,0,1.0,1.0,1.0,13.0,365.0,282,12,52,5.0,5.0,5.0,5.0,4.83,4.17,5.0,6,0.25,1,71,70,151.69
0,17,1,1,42.64528,-73.75861,0,0,0,0,1,0,0,0,0,0,0,0,0,0,0,0,1,0,0,0,0,0,1.0,1.0,1.0,1.0,1125.0,189,66,54,4.76,4.86,4.76,4.92,4.86,4.53,4.62,16,1.35,1,127,64,208.0
0,1,1,1,42.66169974831227,-73.76466827605744,0,0,0,0,0,0,0,0,0,1,0,0,0,0,0,1,0,0,0,0,0,0,1.0,2.0,2.0,3.0,7.0,88,0,0,-1.0,-1.0,-1.0,-1.0,-1.0,-1.0,-1.0,1,0.0,0,155,46,93.67
1,6,1,1,42.64625,-73.75663,0,0,0,0,1,0,0,0,0,0,0,0,0,0,0,0,1,0,0,0,0,0,1.0,1.0,1.0,14.0,365.0,166,8,0,4.75,4.88,4.88,5.0,5.0,4.5,4.63,6,0.17,1,71,70,215.86
0,2,1,1,42.6374547,-73.7716647,0,0,1,0,0,0,0,0,0,0,0,0,0,0,0,0,0,0,1,0,0,0,1.0,4.0,4.0,5.0,1125.0,357,5,0,5.0,5.0,5.0,5.0,5.0,5.0,5.0,2,0.1,1,47,47,213.8
0,2,1,1,42.6378819,-73.7715269,0,0,1,0,0,0,0,0,0,0,0,0,0,0,0,0,0,0,1,0,0,0,1.0,4.0,3.0,7.0,1125.0,365,2,0,5.0,5.0,5.0,5.0,5.0,5.0,5.0,2,0.04,1,47,47,175.51
1,3,1,1,42.65405765037151,-73.76071299629517,0,0,0,0,0,0,0,0,0,0,0,0,0,0,0,0,1,0,0,0,0,0,1.0,1.0,1.0,1.0,21.0,315,348,255,4.89,4.91,4.91,4.96,4.95,4.89,4.84,2,7.47,1,172,46,149.0
0,3,1,1,42.6468502,-73.7587258,0,0,0,0,0,0,0,0,0,0,0,0,0,0,0,0,0,0,1,0,0,0,2.0,2.0,2.0,2.0,1125.0,122,10,30,5.0,5.0,4.9,5.0,5.0,4.8,5.0,3,0.22,1,45,45,436.0
0,1,1,1,42.67075,-73.79704,1,0,0,0,0,0,0,0,0,0,0,0,0,0,0,0,0,0,0,0,0,1,1.0,3.0,5.0,2.0,1125.0,160,6,12,4.67,4.67,4.83,4.83,5.0,4.67,4.67,1,0.26,1,164,136,290.0
1,1,1,1,42.67485,-73.79867,0,0,0,0,1,0,0,0,0,0,0,0,0,0,0,0,1,0,0,0,0,0,1.0,1.0,1.0,3.0,730.0,162,9,36,4.89,4.89,5.0,5.0,5.0,4.89,4.78,1,0.2,1,124,44,145.33
1,6,1,1,42.64577,-73.7583,0,0,0,0,1,0,0,0,0,0,0,0,0,0,0,0,1,0,0,0,0,0,1.0,1.0,1.0,13.0,365.0,166,10,52,4.9,5.0,5.0,5.0,4.8,4.0,5.0,6,0.24,1,71,70,231.54
1,17,1,1,42.67261,-73.79262,0,0,0,0,1,0,0,0,0,0,0,0,0,0,0,0,0,0,1,0,0,0,1.0,2.0,2.0,2.0,365.0,65,75,60,4.89,4.95,4.97,4.95,4.93,4.87,4.87,14,1.69,1,89,85,227.5
0,14,1,1,42.64564,-73.75261,0,0,0,0,1,0,0,0,0,0,0,0,0,0,0,0,0,0,1,0,0,0,1.0,1.0,1.0,1.0,1125.0,357,114,198,4.71,4.81,4.73,4.78,4.84,4.52,4.7,11,2.58,1,128,92,155.0
1,17,1,1,42.66069,-73.78555,0,0,0,0,1,0,0,0,0,0,0,0,0,0,0,0,0,0,0,0,1,0,1.0,4.0,4.0,1.0,1125.0,66,46,0,4.61,4.54,4.74,4.65,4.83,4.3,4.57,14,1.05,1,89,85,403.0
1,8,1,1,42.6543178,-73.7818222,0,0,0,0,0,0,0,0,1,0,0,0,0,0,0,1,0,0,0,0,0,0,1.0,1.0,1.0,2.0,1125.0,324,47,54,4.89,4.91,4.98,4.87,4.96,4.87,4.85,8,1.06,1,116,105,86.0
1,2,1,1,42.6496,-73.76792,0,0,0,0,1,0,0,0,0,0,0,0,0,0,0,0,1,0,0,0,0,0,1.0,1.0,1.0,2.0,1125.0,355,47,96,4.98,5.0,4.94,4.96,4.98,4.85,4.94,2,1.22,1,122,99,147.0
0,2,1,1,42.65259,-73.76732,0,0,0,0,0,0,0,0,0,1,0,0,0,0,0,1,0,0,0,0,0,0,1.0,1.0,2.0,20.0,365.0,241,22,160,4.77,4.68,4.55,4.77,4.86,4.73,4.68,2,0.52,1,121,70,55.4
0,12,1,1,42.65534,-73.76461,0,0,0,0,1,0,0,0,0,0,0,0,0,0,0,0,1,0,0,0,0,0,1.0,1.0,1.0,7.0,365.0,312,15,14,5.0,4.87,4.93,5.0,4.93,5.0,4.8,11,0.35,1,97,83,103.6
1,17,1,1,42.67261,-73.79262,0,0,0,0,1,0,0,0,0,0,0,0,0,0,0,0,0,0,1,0,0,0,1.0,2.0,2.0,2.0,365.0,36,70,108,4.89,4.87,4.77,4.91,4.87,4.9,4.76,14,1.74,1,89,85,249.0
0,20,1,1,42.65405,-73.76953,0,0,0,0,1,0,0,0,0,0,0,0,0,0,0,0,0,0,1,0,0,0,1.0,1.0,1.0,1.0,1125.0,259,50,30,4.9,4.92,4.82,4.96,5.0,4.86,4.88,16,1.17,1,131,87,183.0
1,2,1,1,42.66117,-73.79091,0,0,0,0,0,0,0,0,1,0,0,0,0,0,0,1,0,0,0,0,0,0,1.0,1.0,1.0,1.0,30.0,10,44,78,5.0,4.98,4.95,4.98,5.0,4.91,4.98,2,1.02,1,157,42,115.0
1,1,1,1,42.6601,-73.80719,0,0,0,0,1,0,0,0,0,0,0,0,0,0,0,0,1,0,0,0,0,0,1.0,1.0,1.0,4.0,90.0,231,78,120,4.9,4.92,4.87,4.97,4.99,4.94,4.85,1,1.85,1,85,70,91.4
0,1,1,1,42.66298,-73.81361,0,0,0,0,0,0,0,0,1,0,0,0,0,0,0,1,0,0,0,0,0,0,2.0,1.0,1.0,1.0,4.0,164,62,252,4.69,4.69,4.68,4.77,4.73,4.82,4.69,1,1.53,1,41,41,78.0
0,1,1,1,42.6591503133547,-73.75431932508945,0,0,0,0,1,0,0,0,0,0,0,0,0,0,0,0,0,0,1,0,0,0,1.0,1.0,1.0,2.0,1125.0,302,43,42,4.77,4.88,4.86,4.88,4.88,4.3,4.63,1,1.05,1,86,85,148.5
0,1,1,1,42.67283,-73.77367,0,0,0,0,1,0,0,0,0,0,0,0,0,0,0,0,0,0,0,0,1,0,1.0,3.0,3.0,1.0,1125.0,255,24,54,4.5,4.67,4.75,4.83,4.83,3.92,4.42,1,0.65,1,141,133,137.33
0,6,1,1,42.65582,-73.77541,0,0,0,0,0,0,1,0,0,0,0,0,0,0,0,1,1,0,0,0,0,0,1.0,1.0,1.0,1.0,1125.0,185,12,0,4.58,4.83,4.75,5.0,4.25,4.92,4.67,6,0.34,1,41,35,167.0
1,2,1,1,42.65741,-73.78034,0,0,0,0,0,0,0,0,1,0,0,0,0,0,0,1,1,0,0,0,0,0,1.0,1.0,1.0,2.0,1125.0,101,23,54,4.78,4.96,4.83,4.87,4.87,4.78,4.65,2,0.56,1,118,116,68.5
0,6,1,1,42.65751,-73.77409,0,0,0,0,0,0,1,0,0,0,0,0,0,0,0,1,1,0,0,0,0,0,1.0,1.0,1.0,1.0,1125.0,171,6,0,4.33,4.83,4.5,4.67,4.17,4.67,4.17,6,0.17,1,41,35,190.0
0,6,1,1,42.656329,-73.775205,0,0,0,0,0,0,1,0,0,0,0,0,0,0,0,1,1,0,0,0,0,0,1.0,1.0,2.0,1.0,1125.0,181,6,0,4.67,4.83,4.83,4.67,4.67,4.5,4.83,6,0.17,1,41,35,179.0
0,6,1,1,42.656329,-73.775205,0,0,0,0,0,0,1,0,0,0,0,0,0,0,0,1,1,0,0,0,0,0,1.0,1.0,1.0,1.0,1125.0,187,10,6,4.5,4.6,4.7,4.8,4.2,4.3,4.3,6,0.28,1,41,35,167.0
0,5,1,1,42.67144,-73.79033,0,0,0,0,0,0,0,0,0,1,0,0,0,0,0,1,1,0,0,0,0,0,1.0,1.0,1.0,5.0,365.0,360,24,70,4.63,4.63,4.58,4.79,4.75,4.71,4.67,5,0.69,1,111,34,62.8
0,20,1,1,42.65258,-73.76917,0,0,0,0,1,0,0,0,0,0,0,0,0,0,0,0,1,0,0,0,0,0,1.0,1.0,1.0,1.0,1125.0,311,59,114,4.68,4.78,4.66,4.8,4.88,4.81,4.73,16,1.44,1,131,87,153.0
0,3,1,1,42.65500618912535,-73.77570156008005,0,0,0,0,1,0,0,0,0,0,0,0,0,0,0,0,0,0,0,1,0,0,1.0,2.0,2.0,1.0,365.0,355,80,255,4.51,4.56,4.53,4.74,4.81,4.63,4.56,3,1.98,1,43,43,236.0
0,2,1,1,42.66008,-73.76977,0,0,0,0,1,0,0,0,0,0,0,0,0,0,0,0,0,0,1,0,0,0,1.0,2.0,2.0,3.0,365.0,362,6,0,4.33,4.5,4.5,4.5,4.83,3.83,4.17,2,0.18,1,48,40,137.0
0,2,1,1,42.65987,-73.77025,0,0,0,0,1,0,0,0,0,0,0,0,0,0,0,0,0,0,1,0,0,0,1.0,2.0,2.0,3.0,365.0,357,12,0,4.5,4.83,4.67,4.5,4.92,3.58,4.25,2,0.33,1,48,40,137.0
0,12,1,1,42.65483,-73.76353,0,0,0,0,1,0,0,0,0,0,0,0,0,0,0,0,0,0,1,0,0,0,1.0,3.0,2.0,14.0,365.0,364,2,0,3.5,3.0,3.5,3.0,4.5,5.0,3.5,11,0.05,1,97,83,113.64
0,2,1,1,42.67336,-73.78619,0,0,0,0,1,0,0,0,0,0,0,0,0,0,0,0,0,0,0,0,0,1,2.0,3.0,3.0,2.0,1125.0,173,21,12,4.52,4.62,4.52,4.52,4.71,4.43,4.57,2,0.54,1,126,79,266.0
0,3,1,1,42.65432,-73.76531,0,0,0,0,1,0,0,0,0,0,0,0,0,0,0,0,0,1,0,0,0,0,2.0,2.0,1.0,3.0,28.0,233,2,0,5.0,5.0,5.0,5.0,5.0,5.0,5.0,2,0.07,1,172,67,236.0
1,1,1,1,42.6446,-73.75885,0,0,0,0,0,0,0,0,0,0,1,0,0,0,0,1,0,1,0,0,0,0,1.0,1.0,2.0,1.0,1125.0,330,233,255,4.98,4.95,4.98,5.0,5.0,4.7,4.96,1,5.99,1,111,38,160.0
1,13,1,1,42.67177,-73.79464,0,0,0,0,0,0,0,0,1,0,0,0,0,0,0,1,0,0,0,0,0,0,1.5,1.0,1.0,4.0,28.0,75,18,16,5.0,5.0,5.0,4.94,5.0,4.89,4.89,13,0.51,1,141,38,97.0
1,3,1,1,42.65817,-73.74935,0,0,0,0,1,0,0,0,0,0,0,0,0,0,0,0,1,0,0,0,0,0,1.0,1.0,1.0,3.0,365.0,339,30,48,4.83,4.83,4.8,4.93,4.9,4.7,4.9,3,0.8,1,123,57,137.0
0,20,1,1,42.65379,-73.76901,0,0,0,0,1,0,0,0,0,0,0,0,0,0,0,0,1,0,0,0,0,0,1.0,1.0,1.0,1.0,1125.0,356,31,66,4.84,4.87,4.84,4.94,5.0,4.94,4.71,16,0.81,1,131,87,144.0
0,2,1,1,42.6599733,-73.7747433,0,0,0,0,1,0,0,0,0,0,0,0,0,0,0,0,0,1,0,0,0,0,1.0,1.0,1.0,1.0,1125.0,206,79,96,4.77,4.85,4.89,4.77,4.87,4.57,4.65,2,2.1,1,37,37,123.5
0,2,1,1,42.66246,-73.76576,0,0,0,0,0,0,0,0,0,1,0,0,0,0,0,1,0,0,0,0,0,0,1.0,1.0,2.0,7.0,1125.0,364,32,70,4.66,4.72,4.59,4.94,5.0,4.06,4.53,2,0.87,1,48,37,48.71
0,2,1,1,42.6628771,-73.76534029999999,0,0,0,0,0,0,0,0,0,1,0,0,0,0,0,1,0,0,0,0,0,0,1.5,1.0,1.0,7.0,720.0,312,30,0,4.83,4.83,4.73,5.0,4.97,4.27,4.77,2,0.8,1,48,37,50.29
0,1183,1,1,42.6573,-73.7521,0,0,0,0,1,0,0,0,0,0,0,0,0,0,0,0,0,0,0,1,0,0,1.0,2.0,3.0,2.0,1125.0,354,19,18,4.26,4.37,4.68,4.68,4.53,4.16,4.21,4,0.51,1,110,108,190.0
0,17,1,1,42.64787,-73.76707,0,0,0,0,1,0,0,0,0,0,0,0,0,0,0,0,0,0,0,1,0,0,1.0,2.0,2.0,1.0,365.0,182,65,90,4.77,4.78,4.72,4.78,4.85,4.6,4.65,16,1.78,1,127,64,257.0
1,8,1,1,42.6652959,-73.7868778,0,0,0,0,1,0,0,0,0,0,0,0,0,0,0,0,0,0,0,1,0,0,2.0,2.0,2.0,1.0,730.0,264,23,24,5.0,5.0,5.0,5.0,5.0,4.91,4.96,8,0.63,1,162,131,196.28
1,2,1,1,42.66261,-73.79158,0,0,0,0,0,0,0,0,1,0,0,0,0,0,0,1,0,0,0,0,0,0,1.0,1.0,1.0,1.0,10.0,36,18,48,4.94,4.94,4.94,4.94,4.94,4.89,4.94,2,0.5,1,157,42,92.0
0,1,1,1,42.67292,-73.7776,0,0,0,0,0,0,0,0,0,1,0,0,0,0,0,1,1,0,0,0,0,0,1.0,1.0,1.0,1.0,365.0,364,0,0,-1.0,-1.0,-1.0,-1.0,-1.0,-1.0,-1.0,1,0.0,0,39,35,107.0
0,4,1,1,42.6586,-73.75743,0,0,0,0,1,0,0,0,0,0,0,0,0,0,0,0,1,0,0,0,0,0,1.0,1.0,1.0,7.0,365.0,268,3,0,4.67,3.67,4.67,4.67,5.0,3.0,4.33,4,0.09,1,35,35,102.54
1,17,1,1,42.67224,-73.79301,0,0,0,0,1,0,0,0,0,0,0,0,0,0,0,0,0,0,1,0,0,0,1.0,2.0,2.0,2.0,1125.0,10,52,66,4.62,4.79,4.83,4.73,4.77,4.6,4.69,14,1.47,1,89,85,171.5
0,6,1,1,42.65655,-73.77434,0,0,0,0,0,0,1,0,0,0,0,0,0,0,0,1,1,0,0,0,0,0,1.0,1.0,1.0,1.0,1125.0,178,10,12,4.7,4.6,4.9,4.6,4.2,4.7,4.6,6,0.28,1,41,35,167.0
0,11,1,1,42.65867,-73.77479,0,0,0,0,0,0,0,0,0,0,0,0,0,1,0,1,1,0,0,0,0,0,1.0,1.0,1.0,1.0,365.0,189,3,6,5.0,5.0,5.0,5.0,5.0,5.0,5.0,11,0.09,1,34,34,174.0
0,11,1,1,42.65908,-73.77456,0,0,0,0,0,0,0,0,0,0,0,0,0,1,0,1,1,0,0,0,0,0,1.0,1.0,1.0,1.0,365.0,147,9,12,4.67,5.0,4.89,4.78,4.89,4.89,4.67,11,0.26,1,34,34,174.0
0,11,1,1,42.66043,-73.77432,0,0,0,0,0,0,0,0,0,0,0,0,0,1,0,1,1,0,0,0,0,0,1.0,1.0,1.0,1.0,365.0,188,3,6,4.67,5.0,5.0,5.0,5.0,4.33,5.0,11,0.14,1,34,34,174.0
0,11,1,1,42.65847,-73.77272,0,0,0,0,0,0,0,0,0,0,0,0,0,1,0,1,1,0,0,0,0,0,1.0,1.0,1.0,1.0,365.0,190,7,6,4.43,4.43,4.71,4.43,4.14,4.43,3.86,11,0.22,1,34,34,174.0
0,11,1,1,42.65908,-73.77326,0,0,0,0,0,0,0,0,0,0,0,0,0,1,0,1,1,0,0,0,0,0,1.0,1.0,1.0,1.0,365.0,182,4,12,4.0,4.0,4.75,4.5,4.0,4.5,3.75,11,0.13,1,34,34,292.0
0,11,1,1,42.66003,-73.7732,0,0,0,0,0,0,0,0,0,0,0,0,0,1,0,1,1,0,0,0,0,0,1.0,1.0,1.0,1.0,365.0,184,2,12,5.0,5.0,5.0,5.0,5.0,5.0,5.0,11,0.19,1,34,34,280.0
0,11,1,1,42.65857,-73.7744,0,0,0,0,0,0,0,0,0,0,0,0,0,1,0,1,1,0,0,0,0,0,1.0,1.0,1.0,1.0,365.0,185,0,0,-1.0,-1.0,-1.0,-1.0,-1.0,-1.0,-1.0,11,0.0,0,34,34,241.0
0,11,1,1,42.65893,-73.77448,0,0,0,0,0,0,0,0,0,0,0,0,0,1,0,1,1,0,0,0,0,0,1.0,1.0,1.0,1.0,365.0,187,0,0,-1.0,-1.0,-1.0,-1.0,-1.0,-1.0,-1.0,11,0.0,0,34,34,241.0
0,11,1,1,42.66037,-73.77327,0,0,0,0,0,0,0,0,0,0,0,0,0,1,0,1,1,0,0,0,0,0,1.0,1.0,1.0,1.0,365.0,190,0,0,-1.0,-1.0,-1.0,-1.0,-1.0,-1.0,-1.0,11,0.0,0,34,34,241.0
0,11,1,1,42.65868,-73.77333,0,0,0,0,0,0,0,0,0,0,0,0,0,1,0,1,1,0,0,0,0,0,1.0,1.0,1.0,1.0,365.0,187,0,0,-1.0,-1.0,-1.0,-1.0,-1.0,-1.0,-1.0,11,0.0,0,34,34,331.0
0,11,1,1,42.66036,-73.7729,0,1,0,0,0,0,0,0,0,0,0,0,0,0,0,0,0,0,0,0,1,0,2.0,3.0,4.0,1.0,365.0,181,19,18,4.89,4.68,4.74,4.79,4.79,4.84,4.63,11,0.55,1,34,34,431.0
0,5,1,1,42.6708367,-73.7853116,0,0,0,0,0,0,0,0,1,0,0,0,0,0,0,1,0,0,0,0,0,0,1.0,1.0,1.0,5.0,365.0,334,27,10,4.85,4.93,4.74,4.93,5.0,4.96,4.89,5,0.77,1,111,34,75.6
0,5,1,1,42.66974,-73.78611,0,0,0,0,0,0,0,0,1,0,0,0,0,0,0,1,0,0,0,0,0,0,1.0,1.0,1.0,5.0,365.0,334,49,130,4.92,4.88,4.73,4.84,4.94,4.86,4.84,5,1.39,1,111,34,61.4
0,5,1,1,42.67034,-73.7851,0,0,0,0,0,0,0,0,1,0,0,0,0,0,0,1,1,0,0,0,0,0,2.0,1.0,1.0,5.0,365.0,345,23,40,4.91,4.96,4.87,4.96,4.96,4.96,4.87,5,0.78,1,111,34,71.8
1,3,1,1,42.6541815,-73.76086049999999,0,0,0,0,1,0,0,0,0,0,0,0,0,0,0,0,0,0,1,0,0,0,1.0,2.0,2.0,1.0,1125.0,313,259,255,4.91,4.95,4.88,4.97,4.99,4.92,4.9,2,7.52,1,172,46,287.0
1,1,1,1,42.65241,-73.77002,0,0,0,0,1,0,0,0,0,0,0,0,0,0,0,0,1,0,0,0,0,0,1.0,1.0,1.0,1.0,1125.0,335,139,228,4.86,4.92,4.81,4.91,4.91,4.75,4.78,1,4.08,1,97,33,184.0
1,1,1,1,42.67059,-73.81678,0,0,0,0,1,0,0,0,0,0,0,0,0,0,0,0,0,0,1,0,0,0,1.0,2.0,2.0,3.0,365.0,164,28,42,4.93,4.93,5.0,4.93,4.96,4.82,4.82,1,0.84,1,67,33,160.17
1,16,1,1,42.66877,-73.79927,0,0,0,0,0,0,0,0,1,0,0,0,0,0,0,1,1,0,0,0,0,0,4.0,1.0,1.0,1.0,1125.0,14,165,222,4.86,4.93,4.95,4.86,4.91,4.93,4.87,12,5.16,1,65,65,90.0
1,1,1,1,42.65312775001394,-73.76950465142727,0,0,0,0,1,0,0,0,0,0,0,0,0,0,0,0,1,0,0,0,0,0,1.0,2.0,3.0,1.0,1125.0,295,42,102,4.9,4.98,4.95,4.88,4.93,4.88,4.98,1,1.29,1,88,82,177.0
0,1,1,1,42.66628,-73.76512,0,0,0,0,1,0,0,0,0,0,0,0,0,0,0,0,0,0,1,0,0,0,1.0,2.0,4.0,2.0,28.0,107,7,12,4.43,4.43,4.43,4.43,4.71,4.14,4.29,1,0.22,1,112,32,208.5
1,1,1,1,42.65259924007496,-73.761780139996,0,0,0,0,1,0,0,0,0,0,0,0,0,0,0,0,0,0,0,0,0,0,1.0,1.0,1.0,1.0,4.0,69,43,144,4.86,4.86,4.81,4.86,4.95,4.95,4.74,1,1.47,1,117,30,144.0
1,9,1,1,42.67098,-73.80695,0,0,0,0,1,0,0,0,0,0,0,0,0,0,0,0,0,0,1,0,0,0,1.0,2.0,2.0,3.0,1125.0,264,37,114,4.89,4.86,4.95,4.89,4.97,4.84,4.89,9,1.13,1,104,103,177.0
1,2,1,1,42.65762,-73.75116,0,0,0,0,1,0,0,0,0,0,0,0,0,0,0,0,1,0,0,0,0,0,1.0,1.0,1.0,1.0,1125.0,253,59,144,4.93,4.86,4.86,4.93,4.9,4.78,4.88,2,1.82,1,34,32,161.0
1,1,1,1,42.6555,-73.81066,0,0,1,0,0,0,0,0,0,0,0,0,0,0,0,0,0,0,0,0,1,0,2.0,3.0,3.0,2.0,1125.0,215,97,246,4.99,4.97,4.97,5.0,5.0,4.97,4.98,1,3.42,1,134,30,257.91
1,16,1,1,42.67003,-73.79771,0,0,0,0,0,0,0,0,1,0,0,0,0,0,0,1,0,0,0,0,0,0,3.0,1.0,1.0,1.0,1125.0,18,75,66,4.88,4.81,4.92,4.87,4.87,4.85,4.84,12,2.35,1,65,65,80.0
1,16,1,1,42.66971,-73.79755,0,0,0,0,0,0,0,0,1,0,0,0,0,0,0,1,0,0,0,0,0,0,3.0,1.0,1.0,1.0,1125.0,10,113,252,4.89,4.88,4.93,4.87,4.91,4.93,4.87,12,3.55,1,65,65,84.0
1,16,1,1,42.66806608232022,-73.79824947027458,0,0,0,0,0,0,0,0,1,0,0,0,0,0,0,1,1,0,0,0,0,0,1.0,1.0,1.0,1.0,1125.0,3,19,102,4.95,4.95,5.0,4.95,4.89,4.95,4.95,12,0.59,1,65,65,73.0
1,16,1,1,42.66873,-73.7993,0,0,0,0,0,0,0,0,1,0,0,0,0,0,0,1,0,0,0,0,0,0,3.0,1.0,1.0,1.0,1125.0,9,53,186,4.92,4.91,4.87,4.92,4.87,4.87,4.81,12,1.67,1,65,65,86.0
0,1,1,1,42.6558992,-73.7965699,0,0,0,0,0,0,0,0,0,0,0,1,0,0,0,1,1,0,0,0,0,0,0.5,1.0,1.0,1.0,365.0,88,0,0,-1.0,-1.0,-1.0,-1.0,-1.0,-1.0,-1.0,1,0.0,0,98,91,34.92
0,5,1,1,42.65539,-73.76416,0,0,0,0,1,0,0,0,0,0,0,0,0,0,0,0,0,1,0,0,0,0,1.0,1.0,1.0,1.0,1125.0,58,62,126,4.66,4.71,4.56,4.71,4.76,4.74,4.68,5,1.95,1,129,42,199.0
1,16,1,1,42.66792031298625,-73.79895760671212,0,0,0,0,0,0,0,0,1,0,0,0,0,0,0,1,1,0,0,0,0,0,3.0,1.0,1.0,1.0,365.0,10,54,222,4.93,4.94,4.94,4.96,4.98,4.91,4.85,12,1.72,1,65,65,75.0
1,16,1,1,42.66996,-73.79816,0,0,0,0,0,0,0,0,1,0,0,0,0,0,0,1,1,0,0,0,0,0,3.0,1.0,1.0,1.0,365.0,9,110,126,4.92,4.94,4.89,4.94,4.94,4.92,4.93,12,3.48,1,65,65,86.0
0,20,1,1,42.6535,-73.77046,0,0,0,0,1,0,0,0,0,0,0,0,0,0,0,0,1,0,0,0,0,0,1.0,1.0,1.0,1.0,1125.0,334,71,66,4.72,4.83,4.55,4.93,4.92,4.83,4.65,16,2.26,1,131,87,164.0
1,8,1,1,42.64714,-73.75466,0,0,0,0,1,0,0,0,0,0,0,0,0,0,0,0,1,0,0,0,0,0,1.0,1.0,1.0,1.0,14.0,231,219,255,4.71,4.83,4.81,4.89,4.87,4.04,4.63,8,7.12,1,89,31,123.0
0,17,1,1,42.6586,-73.76421,0,0,0,0,1,0,0,0,0,0,0,0,0,0,0,0,0,1,0,0,0,0,1.0,1.0,1.0,1.0,365.0,190,30,54,4.53,4.7,4.5,4.3,4.73,4.23,4.43,16,0.96,1,127,64,216.0
0,17,1,1,42.65971,-73.76382,0,0,0,0,1,0,0,0,0,0,0,0,0,0,0,0,0,1,0,0,0,0,1.0,1.0,1.0,1.0,1125.0,1,37,48,4.59,4.81,4.83,4.72,4.78,4.28,4.75,16,1.19,1,127,64,216.0
1,1,0,1,42.63976,-73.75705,0,0,0,0,1,0,0,0,0,0,0,0,0,0,0,0,0,0,1,0,0,0,1.0,2.0,2.0,1.0,1125.0,347,31,72,4.42,4.55,4.48,4.65,4.81,4.19,4.45,1,1.09,1,93,28,171.0
1,13,1,1,42.67096,-73.79514,0,0,0,0,0,0,0,0,1,0,0,0,0,0,0,1,0,0,0,0,0,0,1.5,1.0,1.0,4.0,14.0,72,17,40,5.0,5.0,5.0,4.94,5.0,5.0,4.94,13,0.59,1,141,38,82.25
0,4,1,1,42.65975,-73.76311,0,0,0,0,1,0,0,0,0,0,0,0,0,0,0,0,0,0,1,0,0,0,1.0,1.0,1.0,14.0,365.0,268,1,0,5.0,5.0,5.0,5.0,5.0,5.0,5.0,4,0.05,1,35,35,88.07
1,17,1,1,42.64409,-73.75709,0,0,0,0,1,0,0,0,0,0,0,0,0,0,0,0,1,0,0,0,0,0,1.5,1.0,1.0,2.0,365.0,77,98,192,4.84,4.92,4.95,4.93,4.9,4.38,4.81,14,3.5,1,89,85,130.5
1,17,1,1,42.65269,-73.76567,0,0,0,0,1,0,0,0,0,0,0,0,0,0,0,0,1,0,0,0,0,0,1.0,1.0,1.0,2.0,365.0,37,70,126,4.91,4.97,4.96,4.99,4.89,4.83,4.9,14,2.53,1,89,85,132.0
1,9,1,1,42.67008,-73.80691,0,0,0,0,1,0,0,0,0,0,0,0,0,0,0,0,0,0,0,1,0,0,1.0,2.0,2.0,3.0,365.0,257,51,126,4.84,4.9,4.86,4.94,4.96,4.8,4.82,9,1.93,1,104,103,147.59
0,20,1,1,42.65289,-73.76834,0,0,0,0,1,0,0,0,0,0,0,0,0,0,0,0,1,0,0,0,0,0,1.0,1.0,1.0,1.0,1125.0,360,67,102,4.58,4.63,4.52,4.81,4.85,4.76,4.57,16,2.42,1,131,87,181.0
1,16,1,1,42.66943,-73.79882,0,0,0,0,0,0,0,0,1,0,0,0,0,0,0,1,1,0,0,0,0,0,3.0,1.0,1.0,1.0,1125.0,13,56,42,4.96,4.91,4.95,4.86,4.86,4.93,4.91,12,2.02,1,65,65,97.0
0,2,1,1,42.6564469,-73.7507251,0,0,0,0,1,0,0,0,0,0,0,0,0,0,0,0,0,0,0,1,0,0,1.0,1.0,2.0,2.0,365.0,189,27,90,4.48,4.89,4.37,4.78,4.89,4.59,4.67,2,0.99,1,58,27,125.0
0,1,1,1,42.66431440028217,-73.81606654264979,0,0,1,0,0,0,0,0,0,0,0,0,0,0,0,0,0,0,1,0,0,0,1.0,2.0,2.0,3.0,30.0,112,3,18,5.0,5.0,5.0,5.0,5.0,5.0,5.0,1,0.83,1,129,129,118.33
1,4,1,1,42.65348,-73.7637,0,0,0,0,1,0,0,0,0,0,0,0,0,0,0,0,1,0,0,0,0,0,1.0,1.0,2.0,1.0,365.0,266,30,90,4.93,4.93,4.9,4.93,5.0,4.87,4.83,2,1.12,1,46,46,195.0
1,4,1,1,42.65194,-73.76526,0,0,0,0,1,0,0,0,0,0,0,0,0,0,0,0,1,0,0,0,0,0,1.0,1.0,2.0,1.0,365.0,266,36,48,4.86,4.97,4.89,4.83,4.97,4.94,4.72,2,1.34,1,46,46,210.0
0,3,1,1,42.65314,-73.76546,0,0,0,0,1,0,0,0,0,0,0,0,0,0,0,0,1,0,0,0,0,0,1.0,1.0,1.0,2.0,365.0,161,6,0,3.83,4.0,4.17,4.83,4.67,4.5,3.83,2,0.22,1,172,67,313.5
1,3,1,1,42.66901,-73.82402,0,0,0,0,0,1,0,0,0,0,0,0,0,0,0,0,0,0,1,0,0,0,1.0,2.0,2.0,2.0,365.0,293,89,234,4.82,4.89,4.81,4.91,4.88,4.79,4.83,3,3.38,1,150,43,218.54
1,5,1,1,42.646032,-73.760482,0,0,0,0,1,0,0,0,0,0,0,0,0,0,0,0,1,0,0,0,0,0,1.0,1.0,1.0,3.0,365.0,216,7,18,4.57,4.71,4.86,5.0,5.0,4.71,4.43,2,0.28,1,128,95,116.33
1,5,1,1,42.646032,-73.760482,0,0,1,0,0,0,0,0,0,0,0,0,0,0,0,0,1,0,0,0,0,0,1.5,1.0,1.0,5.0,365.0,83,8,30,5.0,5.0,4.5,5.0,4.88,4.5,4.88,2,0.3,1,128,95,137.0
0,2,1,1,42.64893,-73.76886,0,0,0,0,1,0,0,0,0,0,0,0,0,0,0,0,0,1,0,0,0,0,1.0,1.0,1.0,25.0,365.0,210,2,0,4.0,4.5,4.0,4.5,5.0,4.0,4.5,2,0.08,1,39,39,85.6
1,1,1,1,42.674853495878494,-73.81692445092622,0,0,0,0,1,0,0,0,0,0,0,0,0,0,0,0,0,0,1,0,0,0,1.0,2.0,2.0,1.0,120.0,328,122,255,4.98,4.99,4.99,4.97,4.98,4.9,4.95,1,5.41,1,53,22,206.0
0,4,1,1,42.65909,-73.75691,0,0,0,0,1,0,0,0,0,0,0,0,0,0,0,0,1,0,0,0,0,0,1.0,2.0,1.0,14.0,365.0,268,2,0,4.0,3.5,5.0,3.0,4.0,2.5,4.0,4,0.08,1,35,35,90.07
1,21,1,1,42.66368,-73.78128,0,0,0,0,0,0,0,0,1,0,0,0,0,0,0,1,0,0,0,0,0,0,1.0,1.0,1.0,6.0,365.0,364,0,0,-1.0,-1.0,-1.0,-1.0,-1.0,-1.0,-1.0,21,0.0,0,72,71,78.17
1,1,0,1,42.67105,-73.7995,0,0,0,0,1,0,0,0,0,0,0,0,0,0,0,0,1,0,0,0,0,0,1.0,1.0,2.0,2.0,1125.0,297,11,30,4.91,5.0,5.0,5.0,5.0,5.0,4.91,1,0.44,1,109,25,181.5
1,8,1,1,42.6524924,-73.7674361,0,0,0,0,1,0,0,0,0,0,0,0,0,0,0,0,0,0,1,0,0,0,1.0,1.0,3.0,1.0,365.0,199,119,255,4.86,4.86,4.88,4.92,4.95,4.55,4.81,8,4.63,1,89,31,157.0
1,8,1,1,42.65274,-73.76779,0,0,0,0,1,0,0,0,0,0,0,0,0,0,0,0,0,0,1,0,0,0,1.0,1.0,3.0,2.0,365.0,112,102,180,4.71,4.76,4.81,4.86,4.91,4.44,4.71,8,3.95,1,89,31,128.0
0,1,0,1,42.6586049,-73.76803290000001,0,0,0,0,1,0,0,0,0,0,0,0,0,0,0,0,0,1,0,0,0,0,1.0,1.0,1.0,2.0,90.0,227,19,48,4.68,4.95,4.47,4.95,4.79,4.79,4.74,1,0.75,1,25,25,164.0
0,17,1,1,42.64727,-73.76758,0,0,0,0,1,0,0,0,0,0,0,0,0,0,0,0,0,1,0,0,0,0,1.0,1.0,1.0,1.0,365.0,309,16,12,4.38,4.63,4.63,4.69,4.31,4.56,4.25,16,0.67,1,127,64,216.0
1,17,1,1,42.65314,-73.7653,0,0,0,0,1,0,0,0,0,0,0,0,0,0,0,0,0,0,1,0,0,0,2.0,2.0,2.0,2.0,365.0,93,79,174,4.9,4.92,4.92,4.96,4.86,4.81,4.85,14,3.21,1,89,85,235.0
1,17,1,1,42.64442,-73.77938,0,0,1,0,0,0,0,0,0,0,0,0,0,0,0,0,0,0,0,0,1,0,2.0,4.0,4.0,2.0,365.0,68,32,78,4.97,4.91,4.94,4.91,4.91,4.88,4.88,14,1.38,1,89,85,399.5
0,5,1,1,42.6534205,-73.7639758,0,0,0,0,1,0,0,0,0,0,0,0,0,0,0,0,1,0,0,0,0,0,1.0,1.0,1.0,1.0,1125.0,55,39,78,4.85,4.87,4.85,4.79,4.97,4.85,4.79,5,1.62,1,129,42,200.0
0,5,1,1,42.65227,-73.7646,0,0,0,0,1,0,0,0,0,0,0,0,0,0,0,0,1,0,0,0,0,0,1.0,1.0,1.0,1.0,1125.0,36,43,114,4.74,4.7,4.81,4.88,4.81,4.84,4.65,5,1.84,1,129,42,277.0
0,5,1,1,42.6524,-73.76351,0,0,0,0,1,0,0,0,0,0,0,0,0,0,0,0,1,0,0,0,0,0,1.0,1.0,1.0,1.0,1125.0,54,40,126,4.68,4.55,4.7,4.8,4.58,4.75,4.58,5,1.67,1,129,42,187.0
1,1,1,1,42.65327,-73.76181,0,0,0,0,1,0,0,0,0,0,0,0,0,0,0,0,0,1,0,0,0,0,1.0,1.0,2.0,1.0,1125.0,123,249,255,4.94,4.94,4.89,4.93,4.95,4.91,4.89,1,10.43,1,134,23,134.0
1,17,1,1,42.65502,-73.79183,0,0,1,0,0,0,0,0,0,0,0,0,0,0,0,0,0,0,0,0,1,0,1.0,4.0,5.0,1.0,365.0,62,29,6,4.72,4.76,4.79,4.79,4.83,4.69,4.72,14,1.22,1,89,85,342.5
0,20,1,1,42.65333,-73.7711,0,0,0,0,1,0,0,0,0,0,0,0,0,0,0,0,1,0,0,0,0,0,1.0,2.0,2.0,1.0,1125.0,349,50,156,4.84,4.86,4.72,4.9,4.96,4.82,4.7,16,2.35,1,131,87,183.0
0,20,1,1,42.66215,-73.79048,0,0,0,0,1,0,0,0,0,0,0,0,0,0,0,0,1,0,0,0,0,0,1.0,1.0,1.0,1.0,1125.0,320,56,126,4.79,4.91,4.71,4.95,4.91,4.79,4.71,16,2.39,1,131,87,179.0
0,1183,1,1,42.655732,-73.764735,0,0,0,0,0,0,0,0,0,0,0,0,0,0,0,0,1,0,0,0,0,0,1.0,1.0,1.0,5.0,1125.0,350,0,0,-1.0,-1.0,-1.0,-1.0,-1.0,-1.0,-1.0,4,0.0,0,110,108,293.6
1,13,1,1,42.67318,-73.79345,0,0,0,0,0,0,0,0,1,0,0,0,0,0,0,1,0,0,0,0,0,0,1.5,1.0,1.0,4.0,10.0,88,4,16,5.0,5.0,5.0,5.0,5.0,5.0,5.0,13,0.19,1,141,38,97.0
0,6,0,1,42.6689404,-73.78900639999999,0,0,0,0,0,0,0,0,1,0,0,0,0,0,0,1,1,0,0,0,0,0,1.0,1.0,1.0,1.0,365.0,350,0,0,-1.0,-1.0,-1.0,-1.0,-1.0,-1.0,-1.0,6,0.0,0,35,25,86.0
1,4,1,1,42.66955,-73.78542,0,0,0,0,1,0,0,0,0,0,0,0,0,0,0,0,0,0,0,1,0,0,1.0,3.0,3.0,3.0,300.0,348,15,48,5.0,4.93,4.93,5.0,4.93,4.73,4.93,3,0.7,1,125,123,194.0
1,1,1,1,42.65507161089614,-73.76475094677727,0,0,0,0,1,0,0,0,0,0,0,0,0,0,0,0,0,1,0,0,0,0,1.0,1.0,2.0,1.0,28.0,239,88,246,4.93,4.94,4.99,4.95,4.98,4.86,4.92,1,4.77,1,114,21,253.0
1,8,1,1,42.65173,-73.76786,0,0,0,0,1,0,0,0,0,0,0,0,0,0,0,0,0,0,1,0,0,0,1.0,1.0,3.0,1.0,365.0,217,116,255,4.8,4.82,4.92,4.89,4.92,4.53,4.83,8,5.39,1,89,31,157.0
0,3,1,1,42.65046806904435,-73.7643479581064,0,0,0,0,1,0,0,0,0,0,0,0,0,0,0,0,1,0,0,0,0,0,1.0,1.0,1.0,1.0,365.0,342,3,6,5.0,5.0,5.0,5.0,5.0,5.0,5.0,3,0.15,1,27,20,192.5
0,1,1,1,42.6425,-73.75889,0,0,0,0,0,0,0,0,0,1,0,0,0,0,0,1,0,0,0,0,0,0,1.0,1.0,1.0,1.0,365.0,361,40,36,4.8,4.75,4.85,4.78,4.8,4.43,4.88,1,1.91,1,22,21,69.0
0,1,1,1,42.64548739100758,-73.7896032151887,0,0,1,0,0,0,0,0,0,0,0,0,0,0,0,0,0,0,0,0,1,0,2.0,3.0,2.0,4.0,1125.0,362,0,0,-1.0,-1.0,-1.0,-1.0,-1.0,-1.0,-1.0,1,0.0,0,131,106,312.5
1,21,1,1,42.66555578069533,-73.79269774597833,0,0,0,0,0,0,0,0,1,0,0,0,0,0,0,1,0,0,0,0,0,0,1.5,1.0,1.0,21.0,365.0,358,1,0,5.0,5.0,5.0,5.0,5.0,5.0,5.0,21,0.05,1,72,71,77.49
0,20,1,1,42.65422976833157,-73.76982577313373,0,0,0,0,1,0,0,0,0,0,0,0,0,0,0,0,1,0,0,0,0,0,1.0,1.0,1.0,1.0,1125.0,331,26,96,4.58,4.62,4.42,4.65,4.77,4.65,4.5,16,1.26,1,131,87,182.0
0,17,1,1,42.64762856666501,-73.76751684061892,0,0,0,0,1,0,0,0,0,0,0,0,0,0,0,0,0,0,0,1,0,0,1.0,2.0,2.0,1.0,365.0,333,43,96,4.72,4.79,4.77,4.86,4.67,4.6,4.56,16,2.11,1,127,64,263.0
0,3,1,1,42.65004675077063,-73.76402178164355,0,0,0,0,1,0,0,0,0,0,0,0,0,0,0,0,1,0,0,0,0,0,1.0,1.0,1.0,1.0,365.0,246,6,0,4.83,5.0,5.0,4.83,5.0,4.83,4.67,3,0.3,1,27,20,149.5
1,1,1,1,42.65137969505171,-73.76947069212083,0,0,0,0,1,0,0,0,0,0,0,0,0,0,0,0,1,0,0,0,0,0,1.0,1.0,1.0,1.0,1125.0,352,62,255,4.89,4.92,4.89,4.89,5.0,4.63,4.87,1,3.14,1,83,19,145.0
0,10,1,1,42.66487530937626,-73.76730339028755,0,0,1,0,0,0,0,0,0,0,0,0,0,0,0,0,0,0,1,0,0,0,1.0,2.0,1.0,1.0,365.0,336,1,6,5.0,5.0,5.0,5.0,5.0,4.0,5.0,8,0.46,1,133,126,85.12
0,1,1,1,42.6453112779392,-73.75793399720892,0,0,0,0,0,0,0,0,0,0,1,0,0,0,0,1,0,0,0,0,0,0,1.5,2.0,1.0,1.0,365.0,305,6,0,4.67,4.67,4.67,4.67,4.83,4.33,4.5,1,0.3,1,34,19,52.0
0,1,0,1,42.67445142837617,-73.73835701264711,0,0,1,0,0,0,0,0,0,0,0,0,0,0,0,0,0,0,1,0,0,0,1.0,2.0,2.0,1.0,7.0,177,5,12,3.8,3.4,4.6,4.4,4.8,3.2,4.0,1,0.29,1,19,17,289.0
0,3,1,1,42.6566562848808,-73.78182705491781,0,0,0,0,1,0,0,0,0,0,0,0,0,0,0,0,1,0,0,0,0,0,1.0,1.0,1.0,1.0,365.0,348,39,60,4.74,4.74,4.79,4.69,4.82,4.77,4.77,3,2.03,1,43,43,206.0
1,6,1,1,42.64592834063253,-73.79876141165387,0,0,0,0,1,0,0,0,0,0,0,0,0,0,0,0,0,0,1,0,0,0,1.0,2.0,2.0,13.0,1125.0,166,0,0,-1.0,-1.0,-1.0,-1.0,-1.0,-1.0,-1.0,6,0.0,0,71,70,155.0
1,3,1,1,42.66434543814111,-73.77874573138119,0,0,0,0,0,0,0,0,0,1,0,0,0,0,0,1,1,0,0,0,0,0,1.0,1.0,1.0,1.0,365.0,226,11,12,4.82,4.91,5.0,5.0,5.0,4.91,4.82,3,0.65,1,18,18,63.0
1,3,1,1,42.66294970341223,-73.7789027115689,0,0,0,0,0,0,0,0,0,1,0,0,0,0,0,1,1,0,0,0,0,0,1.0,1.0,1.0,1.0,365.0,306,124,255,4.9,4.9,4.82,4.93,4.96,4.65,4.89,3,6.61,1,18,18,63.0
0,14,1,1,42.64441207268658,-73.7522667363394,0,0,0,0,1,0,0,0,0,0,0,0,0,0,0,0,0,0,0,0,1,0,1.0,2.0,2.0,1.0,1125.0,350,58,222,4.57,4.62,4.71,4.81,4.71,4.24,4.57,11,3.27,1,128,92,230.0
1,3,1,1,42.66375890730826,-73.77674406705056,0,0,0,0,0,0,0,0,0,1,0,0,0,0,0,1,1,0,0,0,0,0,1.0,1.0,1.0,1.0,365.0,282,71,255,4.92,4.94,4.87,4.99,4.97,4.7,4.92,3,3.93,1,18,18,66.0
0,1,1,1,42.67077854215789,-73.82525054567722,0,0,0,0,1,0,0,0,0,0,0,0,0,0,0,0,0,0,0,0,1,0,1.0,3.0,3.0,2.0,1125.0,171,8,42,5.0,5.0,5.0,5.0,5.0,5.0,4.75,1,0.56,1,86,15,244.5
0,3,1,1,42.65262,-73.76134,0,0,0,0,1,0,0,0,0,0,0,0,0,0,0,0,1,0,0,0,0,0,1.0,1.0,1.0,2.0,365.0,321,6,12,4.67,4.5,4.33,4.67,4.83,5.0,4.67,3,0.38,1,63,58,160.5
1,4,1,1,42.6556643,-73.7618859,0,0,0,0,1,0,0,0,0,0,0,0,0,0,0,0,1,0,0,0,0,0,1.0,1.0,1.0,1.0,1125.0,361,17,102,4.41,4.41,4.35,4.47,4.53,4.35,4.41,4,1.44,1,80,80,158.33
1,3,1,1,42.67003713546928,-73.82302715231661,0,0,1,0,0,0,0,0,0,0,0,0,0,0,0,0,0,0,0,0,1,0,1.5,3.0,3.0,1.0,365.0,337,82,255,4.9,4.95,4.98,4.99,4.96,4.88,4.85,3,5.06,1,150,43,370.88
0,2,1,1,42.66891,-73.79096,0,0,1,0,0,0,0,0,0,0,0,0,0,0,0,0,0,0,0,1,0,0,1.0,3.0,3.0,1.0,200.0,319,8,30,4.13,4.25,4.63,4.13,4.75,4.38,4.0,1,0.59,1,21,19,349.0
0,1,1,1,42.66159372265361,-73.75439956511829,0,0,0,0,1,0,0,0,0,0,0,0,0,0,0,0,0,0,1,0,0,0,1.0,2.0,4.0,1.0,1125.0,318,57,255,4.65,4.8,4.71,4.82,4.88,4.14,4.64,1,3.74,1,23,15,149.0
0,4,1,1,42.66023621248564,-73.75777994908182,0,0,0,0,1,0,0,0,0,0,0,0,0,0,0,0,0,0,1,0,0,0,1.0,2.0,1.0,14.0,365.0,274,0,0,-1.0,-1.0,-1.0,-1.0,-1.0,-1.0,-1.0,4,0.0,0,35,35,84.0
0,1183,1,1,42.63962651941938,-73.7733080081594,0,0,1,0,0,0,0,0,0,0,0,0,0,0,0,0,0,0,0,0,1,0,1.0,3.0,3.0,2.0,1125.0,361,1,6,3.0,5.0,5.0,5.0,1.0,3.0,3.0,4,0.12,1,110,108,273.0
1,1,1,1,42.65040602684423,-73.76433185078635,0,0,0,0,1,0,0,0,0,0,0,0,0,0,0,0,0,0,1,0,0,0,1.0,1.0,2.0,1.0,28.0,305,97,255,4.84,4.88,4.89,4.92,4.96,4.81,4.84,1,6.66,1,84,14,132.0
0,1,1,1,42.66598411229728,-73.81880097091198,0,0,1,0,0,0,0,0,0,0,0,0,0,0,0,0,0,0,0,1,0,0,2.5,3.0,3.0,7.0,30.0,68,3,28,5.0,5.0,5.0,5.0,5.0,5.0,5.0,1,0.23,1,64,14,219.57
1,8,1,1,42.64764408604364,-73.7715925383664,0,0,0,0,1,0,0,0,0,0,0,0,0,0,0,0,1,0,0,0,0,0,1.0,1.0,1.0,1.0,365.0,209,13,66,4.85,4.85,4.69,5.0,5.0,4.62,4.62,8,0.88,1,89,31,148.0
1,8,1,1,42.64628669280813,-73.7715308891403,0,0,0,0,1,0,0,0,0,0,0,0,0,0,0,0,1,0,0,0,0,0,1.0,1.0,1.0,1.0,365.0,301,47,228,4.74,4.83,4.81,4.96,4.89,4.62,4.77,8,3.12,1,89,31,148.0
0,42,1,1,42.68231684583981,-73.7836715628194,0,0,0,0,1,0,0,0,0,0,0,0,0,0,0,0,0,1,0,0,0,0,1.0,1.0,2.0,1.0,21.0,363,17,66,4.06,3.82,3.94,4.24,4.41,4.18,3.88,29,1.15,1,47,14,87.0
1,1,1,1,42.66191,-73.7974412,0,0,0,0,1,0,0,0,0,0,0,0,0,0,0,0,0,0,0,1,0,0,1.0,3.0,3.0,1.0,1125.0,356,62,255,4.98,4.98,5.0,5.0,5.0,5.0,4.97,1,5.31,1,20,11,297.0
1,3,1,1,42.66002,-73.79333,0,0,0,0,0,0,0,0,0,1,0,0,0,0,0,1,0,0,0,0,0,0,1.0,1.0,3.0,8.0,700.0,258,1,0,5.0,5.0,5.0,5.0,5.0,5.0,5.0,3,0.08,1,124,18,54.86
0,42,1,1,42.67652148547361,-73.78111383843994,0,0,0,0,1,0,0,0,0,0,0,0,0,0,0,0,1,0,0,0,0,0,1.0,1.0,1.0,1.0,21.0,363,12,60,4.83,4.83,5.0,5.0,5.0,4.5,4.75,29,0.84,1,47,14,88.0
1,3,1,1,42.659475284293904,-73.79368120012339,0,0,0,0,0,0,0,0,1,0,0,0,0,0,0,1,0,0,0,0,0,0,1.0,1.0,3.0,7.0,700.0,271,5,42,5.0,4.8,5.0,5.0,4.8,4.6,4.6,3,0.36,1,124,18,56.23
0,5,1,1,42.669917189344,-73.78632927186241,0,0,0,0,0,0,0,0,0,1,0,0,0,0,0,1,0,0,0,0,0,0,2.0,1.0,1.0,5.0,365.0,319,4,40,4.5,4.5,4.5,4.75,4.75,5.0,4.5,5,0.4,1,111,34,57.2
0,10,1,1,42.6605291,-73.7831549,0,0,1,0,0,0,0,0,0,0,0,0,0,0,0,0,0,0,0,1,0,0,1.0,4.0,4.0,14.0,365.0,359,2,56,4.0,4.0,4.0,4.5,4.5,3.0,4.5,8,0.17,1,133,126,120.0
1,1,1,1,42.67225930444639,-73.7390519905538,0,0,0,0,1,0,0,0,0,0,0,0,0,0,0,0,1,0,0,0,0,0,1.0,1.0,1.0,2.0,28.0,57,7,42,5.0,5.0,5.0,5.0,5.0,4.71,4.86,1,0.72,1,13,12,159.0
1,4,1,1,42.669159851758046,-73.78528794056903,0,0,0,0,1,0,0,0,0,0,0,0,0,0,0,0,0,0,0,0,1,0,1.0,3.0,3.0,2.0,365.0,350,4,24,5.0,5.0,5.0,5.0,5.0,4.75,5.0,3,0.36,1,125,123,258.5
1,2,1,1,42.6579207870488,-73.75026566418697,0,0,0,0,1,0,0,0,0,0,0,0,0,0,0,0,1,0,0,0,0,0,1.0,1.0,1.0,1.0,365.0,110,1,6,5.0,5.0,4.0,4.0,4.0,5.0,5.0,2,0.25,1,34,32,157.0
0,42,1,1,42.682246872011966,-73.78338389658927,0,0,0,0,1,0,0,0,0,0,0,0,0,0,0,0,0,0,1,0,0,0,1.0,1.0,2.0,1.0,25.0,364,21,120,4.24,4.24,4.14,4.76,4.76,4.38,4.19,29,1.68,1,47,14,94.0
0,42,1,1,42.680525565301686,-73.7852461638938,0,0,0,0,1,0,0,0,0,0,0,0,0,0,0,0,1,0,0,0,0,0,1.0,1.0,1.0,1.0,21.0,358,7,42,4.43,4.29,4.71,4.43,4.14,4.71,4.86,29,0.62,1,47,14,85.0
1,2,1,1,42.65422697397571,-73.76720390736077,0,0,0,0,1,0,0,0,0,0,0,0,0,0,0,0,1,0,0,0,0,0,1.0,1.0,1.0,2.0,30.0,243,29,174,4.86,4.86,4.79,4.93,4.9,4.76,4.83,2,2.43,1,101,12,117.0
0,14,1,1,42.64439,-73.75296,0,0,0,0,1,0,0,0,0,0,0,0,0,0,0,0,0,0,0,0,1,0,1.0,2.0,2.0,1.0,365.0,167,35,210,4.6,4.83,4.66,4.6,4.94,4.31,4.57,11,2.91,1,128,92,242.0
0,1,1,1,42.66035,-73.78296,0,0,0,0,0,0,0,0,0,1,0,0,0,0,0,1,0,0,0,0,0,0,1.0,1.0,1.0,3.0,365.0,365,2,12,2.5,3.0,3.0,2.5,3.5,3.5,2.5,1,0.17,1,21,20,43.67
1,4,1,1,42.66951,-73.78736,0,0,0,0,1,0,0,0,0,0,0,0,0,0,0,0,0,0,1,0,0,0,1.0,3.0,3.0,2.0,365.0,361,3,18,5.0,5.0,5.0,5.0,5.0,5.0,5.0,3,0.27,1,125,123,220.0
0,14,1,1,42.64587,-73.75356,0,0,0,0,1,0,0,0,0,0,0,0,0,0,0,0,0,0,0,1,0,0,1.0,2.0,2.0,1.0,365.0,353,15,90,4.73,4.8,4.73,5.0,4.93,4.6,4.73,11,1.3,1,128,92,180.0
0,2,0,1,42.64535,-73.75678,0,0,0,0,1,0,0,0,0,0,0,0,0,0,0,0,1,0,0,0,0,0,1.0,1.0,1.0,1.0,365.0,319,88,255,4.61,4.68,4.56,4.84,4.86,4.15,4.66,2,8.07,1,16,11,75.0
0,2,0,1,42.64510481133944,-73.75712113379716,0,0,0,0,1,0,0,0,0,0,0,0,0,0,0,0,1,0,0,0,0,0,1.0,1.0,1.0,1.0,365.0,323,84,255,4.64,4.74,4.52,4.89,4.88,4.21,4.76,2,7.54,1,16,11,75.0
0,42,1,1,42.67619,-73.78121,0,0,0,0,1,0,0,0,0,0,0,0,0,0,0,0,1,0,0,0,0,0,1.0,1.0,1.0,1.0,22.0,365,3,18,3.67,4.33,3.0,4.67,4.67,3.67,3.33,29,0.28,1,47,14,83.0
0,42,1,1,42.67639,-73.78086,0,0,0,0,1,0,0,0,0,0,0,0,0,0,0,0,1,0,0,0,0,0,1.0,1.0,1.0,1.0,21.0,363,15,90,4.53,4.6,4.27,4.73,4.73,4.6,4.47,29,1.35,1,47,14,90.0
0,42,1,1,42.67612,-73.78092,0,0,0,0,1,0,0,0,0,0,0,0,0,0,0,0,1,0,0,0,0,0,1.0,1.0,1.0,1.0,21.0,361,21,126,4.38,4.43,4.52,4.76,4.67,4.43,4.48,29,1.81,1,47,14,104.0
0,20,1,1,42.66355584811417,-73.7934588865277,0,0,0,0,1,0,0,0,0,0,0,0,0,0,0,0,1,0,0,0,0,0,1.0,1.0,1.0,1.0,1125.0,353,7,42,4.57,4.43,4.71,5.0,4.86,4.29,4.57,16,0.62,1,131,87,160.0
1,5,1,1,42.6677,-73.80023,0,0,0,0,0,0,0,0,0,0,0,0,0,0,0,0,1,0,0,0,0,0,1.0,1.0,1.0,5.0,1125.0,300,24,240,4.83,4.75,4.75,4.71,4.96,4.83,4.79,5,2.14,1,69,11,81.4
1,3,1,1,42.64604,-73.75419,0,0,0,0,1,0,0,0,0,0,0,0,0,0,0,0,0,0,1,0,0,0,1.0,2.0,1.0,1.0,29.0,83,17,102,4.94,4.94,4.94,5.0,5.0,4.59,5.0,3,1.54,1,83,73,309.0
1,2,1,1,42.64403,-73.75853,0,0,0,0,0,0,0,0,0,0,0,0,0,0,0,0,0,0,1,0,0,0,1.0,2.0,2.0,1.0,365.0,322,52,255,4.75,4.85,4.9,4.83,4.9,4.5,4.77,2,4.8,1,98,11,199.0
1,2,1,1,42.64491,-73.7594,0,0,0,0,1,0,0,0,0,0,0,0,0,0,0,0,0,0,1,0,0,0,1.0,2.0,2.0,1.0,365.0,343,38,228,4.82,4.95,4.82,4.84,4.97,4.74,4.76,2,3.54,1,98,11,199.0
0,2,1,1,42.65704,-73.75167,0,0,0,0,1,0,0,0,0,0,0,0,0,0,0,0,0,0,1,0,0,0,1.0,1.0,1.0,14.0,1125.0,350,0,0,-1.0,-1.0,-1.0,-1.0,-1.0,-1.0,-1.0,2,0.0,0,58,27,132.71
0,42,1,1,42.67627,-73.78226,0,0,0,0,1,0,0,0,0,0,0,0,0,0,0,0,1,0,0,0,0,0,1.0,1.0,2.0,1.0,21.0,360,6,36,4.5,4.5,4.5,4.83,4.5,4.5,4.67,29,0.63,1,47,14,91.0
0,42,1,1,42.68022603152647,-73.78336880840826,0,0,0,0,1,0,0,0,0,0,0,0,0,0,0,0,1,0,0,0,0,0,1.0,1.0,1.0,1.0,21.0,360,5,30,4.2,3.8,4.2,4.6,4.2,3.6,3.8,29,0.56,1,47,14,97.0
0,3,1,1,42.65116120175577,-73.76489493995905,0,0,0,0,1,0,0,0,0,0,0,0,0,0,0,0,1,0,0,0,0,0,1.0,1.0,1.0,2.0,365.0,290,2,12,4.0,4.5,4.5,3.5,4.5,3.5,3.5,3,0.49,1,27,20,139.0
0,17,1,1,42.65791,-73.74669,0,0,0,0,1,0,0,0,0,0,0,0,0,0,0,0,1,0,0,0,0,0,1.0,1.0,1.0,1.0,365.0,352,13,78,4.92,4.92,4.54,4.77,4.77,4.77,4.77,16,1.2,1,127,64,171.5
1,13,1,1,42.66295,-73.78792,0,0,0,0,0,0,0,0,1,0,0,0,0,0,0,1,0,0,0,0,0,0,1.0,1.0,1.0,4.0,100.0,50,2,16,5.0,5.0,5.0,5.0,5.0,5.0,5.0,13,0.19,1,141,38,82.25
1,13,1,1,42.66241617967561,-73.78837960927946,0,0,0,0,0,0,0,0,1,0,0,0,0,0,0,1,0,0,0,0,0,0,1.0,1.0,1.0,5.0,95.0,114,1,10,5.0,5.0,5.0,5.0,5.0,5.0,3.0,13,0.13,1,141,38,77.6
1,13,1,1,42.66325814454161,-73.78982669559142,0,0,0,0,0,0,0,0,1,0,0,0,0,0,0,1,0,0,0,0,0,0,1.0,1.0,1.0,21.0,100.0,36,2,84,5.0,5.0,5.0,5.0,5.0,5.0,5.0,13,0.36,1,141,38,83.14
1,1,0,1,42.6498098,-73.75325649999999,0,0,0,0,0,0,0,0,0,0,0,0,0,0,0,0,1,0,0,0,0,0,1.0,1.0,1.0,2.0,150.0,164,11,66,5.0,5.0,4.91,5.0,5.0,4.91,5.0,1,1.09,1,10,10,120.0
1,7,1,1,42.6523779,-73.7671603,0,0,0,0,1,0,0,0,0,0,0,0,0,0,0,0,1,0,0,0,0,0,1.0,1.0,1.0,1.0,365.0,345,36,216,4.97,5.0,4.94,4.94,5.0,4.78,4.89,7,3.75,1,142,142,160.0
0,42,1,1,42.67808,-73.78208,0,0,0,0,1,0,0,0,0,0,0,0,0,0,0,0,0,0,1,0,0,0,1.0,1.0,2.0,1.0,21.0,363,5,30,3.8,3.4,3.8,4.2,3.8,3.4,3.8,29,0.59,1,47,14,88.0
0,42,1,1,42.675801777825,-73.78036874911213,0,0,0,0,1,0,0,0,0,0,0,0,0,0,0,0,1,0,0,0,0,0,1.0,1.0,1.0,1.0,21.0,359,2,12,4.0,4.0,4.5,4.5,5.0,4.0,4.0,29,0.23,1,47,14,83.0
0,42,1,1,42.67736,-73.78108,0,0,0,0,1,0,0,0,0,0,0,0,0,0,0,0,0,0,1,0,0,0,1.0,1.0,2.0,1.0,21.0,356,10,60,4.2,4.3,3.9,4.5,4.5,4.3,4.2,29,0.99,1,47,14,87.0
0,42,1,1,42.68094050143159,-73.7846106000441,0,0,0,0,1,0,0,0,0,0,0,0,0,0,0,0,1,0,0,0,0,0,1.0,1.0,1.0,1.0,22.0,357,11,66,4.64,4.64,4.82,4.91,4.82,4.45,4.73,29,1.09,1,47,14,90.0
0,42,1,1,42.68205,-73.7846,0,0,0,0,1,0,0,0,0,0,0,0,0,0,0,0,0,0,1,0,0,0,1.0,1.0,2.0,1.0,21.0,365,1,6,3.0,5.0,3.0,3.0,3.0,4.0,3.0,29,0.34,1,47,14,92.0
0,42,1,1,42.68211,-73.78306,0,0,0,0,1,0,0,0,0,0,0,0,0,0,0,0,0,0,1,0,0,0,1.0,1.0,2.0,1.0,21.0,362,4,24,3.25,3.25,3.25,3.75,4.0,3.5,3.25,29,0.41,1,47,14,87.0
1,1,1,1,42.65334,-73.76605,0,0,0,0,1,0,0,0,0,0,0,0,0,0,0,0,0,1,0,0,0,0,1.0,1.0,1.0,1.0,1125.0,166,47,255,4.87,4.89,4.81,4.91,4.96,4.77,4.85,1,5.2,1,113,9,115.0
1,1,1,1,42.653261512538336,-73.76980902840452,0,0,0,0,0,0,0,0,0,1,0,0,0,0,0,1,1,0,0,0,0,0,1.0,1.0,1.0,2.0,365.0,71,22,132,4.73,4.73,4.23,4.91,4.86,4.86,4.73,1,2.29,1,33,10,67.0
0,1,1,1,42.64166,-73.78424,0,0,0,0,0,0,0,0,1,0,0,0,0,0,0,1,0,0,0,0,0,0,1.0,1.0,1.0,1.0,90.0,136,3,18,5.0,5.0,5.0,5.0,5.0,4.33,5.0,1,0.33,1,119,9,126.0
0,394,1,1,42.65294,-73.76511,0,0,0,0,1,0,0,0,0,0,0,0,0,0,0,0,1,0,0,0,0,0,1.0,1.0,1.0,1.0,365.0,359,0,0,-1.0,-1.0,-1.0,-1.0,-1.0,-1.0,-1.0,6,0.0,0,63,57,160.0
0,394,1,1,42.67410612815129,-73.75067767016992,0,0,0,0,1,0,0,0,0,0,0,0,0,0,0,0,0,1,0,0,0,0,1.0,1.0,1.0,2.0,365.0,135,1,6,5.0,5.0,5.0,5.0,5.0,5.0,5.0,6,0.36,1,63,57,173.7
0,394,1,1,42.65562,-73.76445,0,0,1,0,0,0,0,0,0,0,0,0,0,0,0,0,0,1,0,0,0,0,1.0,1.0,1.0,2.0,365.0,358,0,0,-1.0,-1.0,-1.0,-1.0,-1.0,-1.0,-1.0,6,0.0,0,63,57,127.5
0,394,1,1,42.65426,-73.76308,0,0,1,0,0,0,0,0,0,0,0,0,0,0,0,0,1,0,0,0,0,0,1.0,1.0,1.0,2.0,365.0,359,1,6,5.0,4.0,5.0,5.0,5.0,5.0,3.0,6,0.3,1,63,57,116.0
0,394,1,1,42.65228,-73.76491,0,0,0,0,1,0,0,0,0,0,0,0,0,0,0,0,1,0,0,0,0,0,1.0,1.0,1.0,2.0,365.0,361,0,0,-1.0,-1.0,-1.0,-1.0,-1.0,-1.0,-1.0,6,0.0,0,63,57,136.5
0,394,1,1,42.65303,-73.76101,0,0,0,0,1,0,0,0,0,0,0,0,0,0,0,0,0,1,0,0,0,0,1.0,1.0,1.0,2.0,365.0,358,0,0,-1.0,-1.0,-1.0,-1.0,-1.0,-1.0,-1.0,6,0.0,0,63,57,213.0
0,12,1,1,42.65527,-73.78585,0,0,0,0,1,0,0,0,0,0,0,0,0,0,0,0,0,0,0,0,1,0,1.0,3.0,3.0,7.0,365.0,339,1,14,5.0,5.0,5.0,5.0,5.0,5.0,5.0,11,0.17,1,97,83,193.23
0,42,1,1,42.6817,-73.78439,0,0,0,0,1,0,0,0,0,0,0,0,0,0,0,0,1,0,0,0,0,0,1.0,1.0,1.0,1.0,21.0,365,5,30,4.6,5.0,4.6,4.8,5.0,4.6,4.8,29,0.6,1,47,14,102.0
0,20,1,1,42.65393,-73.7693,0,0,0,0,1,0,0,0,0,0,0,0,0,0,0,0,1,0,0,0,0,0,1.0,1.0,1.0,1.0,1125.0,329,13,78,4.85,4.85,4.69,4.92,5.0,4.77,4.77,16,1.78,1,131,87,143.0
0,2,0,1,42.65323354077172,-73.76717951148748,0,0,0,0,1,0,0,0,0,0,0,0,0,0,0,0,1,0,0,0,0,0,1.0,1.0,1.0,1.0,365.0,330,3,18,4.67,5.0,4.67,5.0,5.0,5.0,4.67,2,0.38,1,11,7,234.0
0,2,1,1,42.65539199421058,-73.79223161741,0,0,0,0,0,0,0,0,0,1,0,0,0,0,0,1,1,0,0,0,0,0,1.0,1.0,1.0,1.0,363.0,125,0,0,-1.0,-1.0,-1.0,-1.0,-1.0,-1.0,-1.0,2,0.0,0,45,8,106.0
0,20,1,1,42.6542,-73.77128,0,0,0,0,1,0,0,0,0,0,0,0,0,0,0,0,0,0,1,0,0,0,1.0,2.0,2.0,1.0,1125.0,324,27,162,4.96,4.96,4.81,4.96,5.0,4.85,4.89,16,3.25,1,131,87,210.0
1,4,1,1,42.64273221597384,-73.79208773618511,0,0,1,0,0,0,0,0,0,0,0,0,0,0,0,0,0,0,0,1,0,0,1.0,2.0,2.0,1.0,365.0,282,53,255,5.0,5.0,4.96,5.0,5.0,4.91,5.0,1,6.6,1,145,94,185.0
1,1,1,1,42.64724,-73.79126,0,0,0,0,0,0,0,0,1,0,0,0,0,0,0,1,0,0,1,0,0,0,1.0,2.0,2.0,1.0,365.0,323,12,72,4.75,4.92,4.92,5.0,5.0,4.83,4.83,1,1.49,1,75,8,109.0
0,2,1,1,42.65602,-73.79093,0,0,0,0,0,0,0,0,0,1,0,0,0,0,0,1,1,0,0,0,0,0,1.0,1.0,1.0,1.0,365.0,313,1,6,5.0,4.0,4.0,3.0,5.0,5.0,5.0,2,1.0,1,45,8,88.56
0,42,1,1,42.68018,-73.78375,0,0,0,0,1,0,0,0,0,0,0,0,0,0,0,0,0,0,1,0,0,0,1.0,1.0,2.0,1.0,21.0,351,12,72,4.33,4.17,4.17,4.33,4.58,4.17,4.42,29,1.65,1,47,14,115.0
0,42,1,1,42.68006,-73.78465,0,0,0,0,1,0,0,0,0,0,0,0,0,0,0,0,0,0,1,0,0,0,1.0,1.0,2.0,1.0,21.0,354,3,18,4.0,4.67,4.67,4.67,4.33,4.33,4.33,29,0.43,1,47,14,105.0
0,3,0,1,42.63622,-73.76152,0,0,0,0,1,0,0,0,0,0,0,0,0,0,0,0,1,0,0,0,0,0,1.0,2.0,2.0,1.0,365.0,351,0,0,-1.0,-1.0,-1.0,-1.0,-1.0,-1.0,-1.0,1,0.0,0,49,45,82.16
0,2,1,1,42.6588327,-73.8016217,0,0,0,0,1,0,0,0,0,0,0,0,0,0,0,0,0,0,1,0,0,0,1.0,2.0,2.0,1.0,28.0,349,13,78,5.0,5.0,5.0,5.0,5.0,5.0,5.0,2,3.94,1,114,13,253.0
1,7,1,1,42.65363855900304,-73.76603515627508,0,0,0,0,1,0,0,0,0,0,0,0,0,0,0,0,1,0,0,0,0,0,1.0,1.0,1.0,1.0,1125.0,341,19,114,4.68,4.74,5.0,4.58,5.0,4.47,4.68,7,3.73,1,142,142,119.0
0,42,1,1,42.67997,-73.78387,0,0,0,0,1,0,0,0,0,0,0,0,0,0,0,0,0,0,1,0,0,0,1.0,1.0,2.0,1.0,21.0,365,4,24,3.5,3.0,3.0,3.75,3.0,3.0,3.25,29,0.58,1,47,14,95.0
0,1,1,1,42.6508268,-73.76684019999999,0,0,0,0,1,0,0,0,0,0,0,0,0,0,0,0,1,0,0,0,0,0,1.0,2.0,2.0,1.0,365.0,46,3,18,5.0,5.0,5.0,5.0,5.0,5.0,5.0,1,0.44,1,80,6,177.0
0,12,1,1,42.65644,-73.78689,0,0,0,0,1,0,0,0,0,0,0,0,0,0,0,0,0,0,0,0,1,0,1.0,3.0,3.0,14.0,365.0,357,1,28,5.0,5.0,5.0,5.0,5.0,5.0,5.0,11,0.44,1,97,83,158.59
0,2,0,1,42.65388029669575,-73.7679764985571,0,0,0,0,1,0,0,0,0,0,0,0,0,0,0,0,1,0,0,0,0,0,1.0,1.0,1.0,2.0,365.0,288,4,24,4.0,3.75,4.0,3.75,4.0,3.75,4.0,2,0.86,1,11,7,148.5
0,42,1,1,42.68137,-73.78513,0,0,0,0,1,0,0,0,0,0,0,0,0,0,0,0,1,0,0,0,0,0,1.0,1.0,1.0,1.0,21.0,362,14,84,4.21,4.14,3.93,4.29,4.43,4.21,4.21,29,2.88,1,47,14,85.0
1,8,1,1,42.65195580501727,-73.76696731690608,0,0,0,0,1,0,0,0,0,0,0,0,0,0,0,0,0,1,0,0,0,0,1.0,1.0,3.0,1.0,365.0,26,1,6,5.0,5.0,5.0,5.0,5.0,5.0,5.0,8,1.0,1,89,31,126.0
1,4,1,1,42.65524020991202,-73.79811074584723,0,0,0,0,0,0,0,0,1,0,0,0,0,0,0,1,0,0,0,0,0,0,3.0,8.0,1.0,1.0,365.0,67,3,18,5.0,5.0,5.0,5.0,5.0,4.67,5.0,3,0.49,1,58,27,77.11
1,4,1,1,42.65319,-73.78387,0,0,0,0,0,0,0,0,1,0,0,0,0,0,0,1,0,0,0,0,0,0,1.0,4.0,1.0,7.0,365.0,189,4,56,4.75,4.75,5.0,5.0,5.0,5.0,4.75,3,0.83,1,58,27,63.05
0,42,1,1,42.68146,-73.78313,0,0,0,0,1,0,0,0,0,0,0,0,0,0,0,0,1,0,0,0,0,0,1.0,1.0,1.0,1.0,21.0,362,5,30,4.2,4.2,4.2,4.2,4.2,4.2,4.2,29,1.47,1,47,14,99.0
0,42,1,1,42.68006,-73.78386,0,0,0,0,1,0,0,0,0,0,0,0,0,0,0,0,1,0,0,0,0,0,1.0,1.0,1.0,1.0,21.0,362,9,54,4.0,4.0,4.33,4.0,4.0,4.0,4.11,29,1.8,1,47,14,91.0
0,4,1,1,42.6550306,-73.7517294,0,0,1,0,0,0,0,0,0,0,0,0,0,0,0,0,1,0,0,0,0,0,1.0,1.0,1.0,1.0,365.0,11,14,84,4.86,5.0,5.0,4.93,5.0,4.79,4.79,1,3.44,1,123,94,190.0
0,1,0,1,42.64533778412286,-73.76016440370483,0,0,0,0,0,1,0,0,0,0,0,0,0,0,0,0,0,0,0,0,1,0,1.0,1.0,6.0,1.0,365.0,340,2,12,4.5,5.0,5.0,4.5,5.0,5.0,5.0,1,1.87,1,5,4,115.0
0,17,1,1,42.649013030685936,-73.76681391621523,0,0,0,0,1,0,0,0,0,0,0,0,0,0,0,0,0,0,0,1,0,0,1.5,2.0,2.0,1.0,365.0,344,6,36,4.33,4.67,4.17,4.5,4.17,4.83,4.5,16,1.57,1,127,64,269.0
0,1,1,1,42.65162,-73.81077,0,0,1,0,0,0,0,0,0,0,0,0,0,0,0,0,0,0,1,0,0,0,1.0,2.0,2.0,2.0,365.0,166,5,30,5.0,5.0,5.0,5.0,5.0,5.0,5.0,1,1.23,1,120,4,208.5
0,5,1,1,42.65462,-73.76027,0,0,0,0,1,0,0,0,0,0,0,0,0,0,0,0,1,0,0,0,0,0,1.0,1.0,1.0,1.0,365.0,361,11,66,4.45,4.27,4.45,4.18,4.45,4.64,4.27,5,2.32,1,129,42,185.0
0,42,1,1,42.68169,-73.78467,0,0,0,0,1,0,0,0,0,0,0,0,0,0,0,0,1,0,0,0,0,0,1.0,1.0,1.0,1.0,365.0,365,1,6,3.0,3.0,4.0,4.0,4.0,4.0,4.0,29,0.25,1,47,14,83.0
0,42,1,1,42.68166,-73.78337,0,0,0,0,1,0,0,0,0,0,0,0,0,0,0,0,1,0,0,0,0,0,1.0,1.0,1.0,1.0,21.0,348,1,6,1.0,1.0,1.0,1.0,1.0,4.0,1.0,29,0.57,1,47,14,114.0
0,42,1,1,42.68231,-73.78321,0,0,0,0,1,0,0,0,0,0,0,0,0,0,0,0,1,0,0,0,0,0,1.0,1.0,1.0,1.0,21.0,364,1,6,1.0,1.0,4.0,5.0,3.0,1.0,2.0,29,0.42,1,47,14,81.0
1,2,1,1,42.63919025375223,-73.77532939999998,0,0,1,0,0,0,0,0,0,0,0,0,0,0,0,0,0,0,0,0,1,0,1.0,2.0,3.0,1.0,365.0,119,12,72,4.83,5.0,4.92,5.0,5.0,4.08,4.75,1,3.6,1,14,14,147.78
1,7,1,1,42.65214369849858,-73.76736431886972,0,0,0,0,1,0,0,0,0,0,0,0,0,0,0,0,1,0,0,0,0,0,1.0,1.0,1.0,1.0,1125.0,343,22,132,4.91,4.95,5.0,4.95,5.0,4.77,4.91,7,5.41,1,142,142,164.0
0,4,0,1,42.65458,-73.76775,0,0,0,0,0,0,0,0,1,0,0,0,0,0,0,1,1,0,0,0,0,0,1.5,1.0,2.0,1.0,365.0,339,5,30,4.8,4.8,5.0,4.8,5.0,5.0,4.8,4,1.3,1,4,4,71.0
1,21,1,1,42.66113314106272,-73.78734172367153,0,0,0,0,0,0,0,0,1,0,0,0,0,0,0,1,0,0,0,0,0,0,2.0,1.0,1.0,21.0,365.0,319,0,0,-1.0,-1.0,-1.0,-1.0,-1.0,-1.0,-1.0,21,0.0,0,72,71,77.49
0,4,0,1,42.65298117308955,-73.765667492881,0,0,1,0,0,0,0,0,0,0,0,0,0,0,0,0,0,0,0,0,1,0,1.5,3.0,4.0,1.0,365.0,334,10,60,4.9,4.9,4.8,4.7,4.8,4.6,4.9,4,3.75,1,4,4,226.0
0,4,0,1,42.65389,-73.76616,0,0,0,0,0,0,0,0,1,0,0,0,0,0,0,1,1,0,0,0,0,0,1.5,1.0,1.0,1.0,365.0,335,2,12,4.5,4.5,5.0,5.0,5.0,4.5,4.5,4,0.64,1,4,4,71.0
0,4,0,1,42.6539541879452,-73.76604151898783,0,0,0,0,0,0,0,0,1,0,0,0,0,0,0,1,1,0,0,0,0,0,1.5,1.0,2.0,1.0,1125.0,341,5,30,3.8,4.6,4.8,3.6,3.4,4.6,4.4,4,1.46,1,4,4,71.0
0,2,1,1,42.64745,-73.76968,0,0,0,0,1,0,0,0,0,0,0,0,0,0,0,0,0,0,0,0,1,0,2.0,3.0,3.0,1.0,1125.0,353,2,12,4.5,5.0,5.0,5.0,5.0,4.5,5.0,2,0.64,1,126,79,320.0
1,5,1,1,42.66923873358176,-73.79797219218071,0,0,0,0,1,0,0,0,0,0,0,0,0,0,0,0,0,0,0,0,1,0,1.0,3.0,3.0,5.0,365.0,299,3,30,4.33,3.67,4.67,5.0,3.67,5.0,4.0,5,0.95,1,69,11,158.4
0,3,1,1,42.6549957,-73.7757215,0,0,0,0,1,0,0,0,0,0,0,0,0,0,0,0,1,0,0,0,0,0,1.0,1.0,1.0,1.0,365.0,347,6,36,4.67,4.67,4.67,4.67,4.83,4.33,4.33,3,2.07,1,43,43,225.0
1,5,1,1,42.66827,-73.79883,0,0,0,0,0,0,0,0,0,1,0,0,0,0,0,1,1,0,0,0,0,0,1.0,1.0,1.0,5.0,365.0,343,0,0,-1.0,-1.0,-1.0,-1.0,-1.0,-1.0,-1.0,5,0.0,0,69,11,50.03
1,5,1,1,42.66783,-73.80053,0,0,0,0,0,0,0,0,0,1,0,0,0,0,0,1,1,0,0,0,0,0,1.0,1.0,1.0,5.0,365.0,310,1,10,5.0,5.0,5.0,5.0,5.0,5.0,5.0,5,0.61,1,69,11,46.93
1,5,1,1,42.66919,-73.79865,0,0,0,0,0,0,0,0,0,1,0,0,0,0,0,1,1,0,0,0,0,0,1.0,1.0,1.0,5.0,365.0,299,3,30,5.0,5.0,5.0,5.0,5.0,5.0,5.0,5,1.32,1,69,11,69.4
0,1,1,1,42.65427,-73.78645,0,0,0,0,1,0,0,0,0,0,0,0,0,0,0,0,0,0,1,0,0,0,1.0,2.0,1.0,2.0,365.0,349,8,48,4.88,4.88,4.88,5.0,5.0,5.0,5.0,1,3.04,1,75,3,149.5
0,93,1,1,42.645489,-73.7502916,0,0,0,0,0,0,0,0,0,0,0,0,0,1,1,0,0,0,1,0,0,0,1.0,1.0,2.0,1.0,365.0,313,0,0,-1.0,-1.0,-1.0,-1.0,-1.0,-1.0,-1.0,8,0.0,0,11,9,124.0
0,93,1,1,42.645489,-73.7502916,0,0,0,0,0,0,0,0,0,0,0,0,0,1,1,0,0,0,1,0,0,0,1.0,1.0,2.0,1.0,365.0,313,0,0,-1.0,-1.0,-1.0,-1.0,-1.0,-1.0,-1.0,8,0.0,0,11,9,124.0
0,93,1,1,42.645489,-73.7502916,0,0,0,0,0,0,0,0,0,0,0,0,0,1,1,0,1,0,0,0,0,0,1.0,1.0,1.0,1.0,365.0,316,0,0,-1.0,-1.0,-1.0,-1.0,-1.0,-1.0,-1.0,8,0.0,0,11,9,124.0
0,93,1,1,42.645489,-73.7502916,0,0,0,0,0,0,0,0,0,0,0,0,0,1,1,0,1,0,0,0,0,0,1.0,1.0,1.0,1.0,365.0,316,0,0,-1.0,-1.0,-1.0,-1.0,-1.0,-1.0,-1.0,8,0.0,0,11,9,124.0
1,10,1,1,42.65384,-73.76763,0,0,0,0,1,0,0,0,0,0,0,0,0,0,0,0,0,0,0,1,0,0,1.0,2.0,3.0,3.0,365.0,331,6,36,5.0,5.0,5.0,5.0,5.0,5.0,5.0,2,2.31,1,94,35,132.67
0,20,1,1,42.6536325,-73.7702348,0,0,0,0,1,0,0,0,0,0,0,0,0,0,0,0,1,0,0,0,0,0,1.0,1.0,1.0,1.0,1125.0,336,6,36,5.0,5.0,4.83,5.0,5.0,5.0,5.0,16,2.65,1,131,87,166.0
0,1,1,1,42.65544,-73.77679,0,0,1,0,0,0,0,0,0,0,0,0,0,0,0,0,0,0,0,1,0,0,1.0,3.0,3.0,1.0,365.0,13,6,36,5.0,5.0,5.0,5.0,5.0,4.83,5.0,1,2.77,1,66,2,160.0
1,10,1,1,42.65356,-73.76744,0,0,0,0,1,0,0,0,0,0,0,0,0,0,0,0,0,0,0,1,0,0,1.0,2.0,3.0,3.0,365.0,335,5,30,4.8,5.0,4.4,4.6,4.8,4.6,4.4,2,2.68,1,94,35,131.67
0,1,1,1,42.65189235609319,-73.76530665904284,0,0,0,0,1,0,0,0,0,0,0,0,0,0,0,0,0,0,1,0,0,0,1.0,1.0,1.0,1.0,365.0,315,14,84,4.93,4.93,4.93,4.93,5.0,4.86,5.0,1,7.12,1,2,2,125.0
0,42,1,1,42.68228286242759,-73.7850314479938,0,0,0,0,1,0,0,0,0,0,0,0,0,0,0,0,1,0,0,0,0,0,1.0,1.0,1.0,1.0,21.0,365,1,6,5.0,5.0,5.0,5.0,5.0,5.0,5.0,29,1.0,1,47,14,89.0
1,8,1,1,42.65340967092361,-73.76791194418492,0,0,0,0,1,0,0,0,0,0,0,0,0,0,0,0,1,0,0,0,0,0,1.0,1.0,1.0,2.0,365.0,244,4,24,5.0,5.0,5.0,5.0,5.0,5.0,5.0,8,2.73,1,89,31,123.5
0,20,1,1,42.6536325,-73.7702348,0,0,0,0,1,0,0,0,0,0,0,0,0,0,0,0,1,0,0,0,0,0,1.0,1.0,1.0,1.0,365.0,351,1,6,5.0,5.0,5.0,5.0,5.0,5.0,5.0,16,1.0,1,131,87,208.0
0,1,0,1,42.6378758,-73.7594293,0,0,0,0,1,0,0,0,0,0,0,0,0,0,0,0,0,0,1,0,0,0,1.0,2.0,2.0,1.0,365.0,362,2,12,4.5,4.5,5.0,5.0,5.0,3.5,4.5,1,2.0,1,1,1,224.0
0,42,1,1,42.68014,-73.78438,0,0,0,0,1,0,0,0,0,0,0,0,0,0,0,0,1,0,0,0,0,0,1.0,1.0,1.0,1.0,21.0,362,3,18,4.33,4.33,4.0,5.0,5.0,4.0,4.33,29,2.73,1,47,14,96.0
0,42,1,1,42.6814,-73.7843,0,0,0,0,1,0,0,0,0,0,0,0,0,0,0,0,1,0,0,0,0,0,1.0,1.0,1.0,1.0,21.0,364,1,6,5.0,5.0,5.0,5.0,5.0,5.0,5.0,29,1.0,1,47,14,97.0
0,42,1,1,42.68033,-73.78411,0,0,0,0,1,0,0,0,0,0,0,0,0,0,0,0,1,0,0,0,0,0,1.0,1.0,1.0,1.0,21.0,358,0,0,-1.0,-1.0,-1.0,-1.0,-1.0,-1.0,-1.0,29,0.0,0,47,14,91.0
0,2,1,1,42.65883,-73.80162,0,0,0,0,1,0,0,0,0,0,0,0,0,0,0,0,0,0,1,0,0,0,1.0,1.0,2.0,1.0,28.0,361,0,0,-1.0,-1.0,-1.0,-1.0,-1.0,-1.0,-1.0,2,0.0,0,114,13,200.16
1,2,1,1,42.65293,-73.76674,0,0,0,0,1,0,0,0,0,0,0,0,0,0,0,0,0,1,0,0,0,0,1.0,2.0,2.0,1.0,30.0,209,4,24,4.75,5.0,4.75,5.0,5.0,4.75,5.0,2,3.64,1,101,12,206.0
0,2,1,1,42.66096,-73.77585,0,0,0,0,1,0,0,0,0,0,0,0,0,0,0,0,0,0,1,0,0,0,1.0,1.0,2.0,1.0,365.0,193,0,0,-1.0,-1.0,-1.0,-1.0,-1.0,-1.0,-1.0,2,0.0,0,37,37,149.0
1,11,1,1,42.6512308,-73.76244630000001,0,0,0,0,1,0,0,0,0,0,0,0,0,0,0,0,1,0,0,0,0,0,1.0,1.0,1.0,1.0,365.0,319,0,0,-1.0,-1.0,-1.0,-1.0,-1.0,-1.0,-1.0,1,0.0,0,166,130,213.0
0,6,0,1,42.6538498,-73.77216,0,0,0,0,0,0,0,0,0,1,0,0,0,0,0,1,0,0,0,0,0,0,2.0,1.0,1.0,2.0,365.0,359,0,0,-1.0,-1.0,-1.0,-1.0,-1.0,-1.0,-1.0,6,0.0,0,35,25,114.5
0,6,0,1,42.6538498,-73.77216,0,0,0,0,0,0,0,0,0,1,0,0,0,0,0,1,0,0,0,0,0,0,2.0,2.0,1.0,2.0,365.0,362,0,0,-1.0,-1.0,-1.0,-1.0,-1.0,-1.0,-1.0,6,0.0,0,35,25,86.0
