host_is_superhost,host_listings_count,host_has_profile_pic,host_identity_verified,property_type_Entire guest suite,property_type_Entire guesthouse,property_type_Entire home,property_type_Entire loft,property_type_Entire rental unit,property_type_Entire townhouse,property_type_Private room in bed and breakfast,property_type_Private room in guest suite,property_type_Private room in home,property_type_Private room in rental unit,property_type_Private room in townhouse,property_type_Private room in villa,property_type_Room in aparthotel,property_type_Room in hotel,room_type_Hotel room,room_type_Private room,accommodates_2,accommodates_3,accommodates_4,accommodates_5,accommodates_6,accommodates_7,bathrooms,bedrooms,beds,minimum_nights,maximum_nights,availability_365,number_of_reviews,estimated_occupancy_l365d,review_scores_rating,review_scores_accuracy,review_scores_cleanliness,review_scores_checkin,review_scores_communication,review_scores_location,review_scores_value,calculated_host_listings_count,reviews_per_month,has_reviews,host_user_total_months,host_host_total_months,dist_centro_km,price
1,7,1,1,0,0,0,0,1,0,0,0,0,0,0,0,0,0,0,0,0,1,0,0,0,0,1.0,1.0,1.0,1.0,1125.0,328,317,48,4.75,4.88,4.87,4.85,4.81,4.82,4.78,7,2.2,1,142,142,0.9659150761365567,211.0
0,2,1,1,0,0,0,0,1,0,0,0,0,0,0,0,0,0,0,0,1,0,0,0,0,0,1.0,1.0,1.0,1.0,1125.0,25,406,222,4.52,4.62,4.44,4.81,4.87,4.75,4.63,2,3.0,1,135,135,1.882347361055769,97.0
1,7,1,1,0,0,0,0,1,0,0,0,0,0,0,0,0,0,0,0,1,0,0,0,0,0,1.0,1.0,1.0,1.0,1125.0,359,332,6,4.73,4.83,4.71,4.83,4.7,4.8,4.72,7,2.47,1,142,142,0.9659150761365567,160.0
0,2,1,1,0,0,0,0,0,0,0,0,0,1,0,0,0,0,0,1,1,0,0,0,0,0,1.0,1.0,2.0,1.0,1125.0,235,469,255,4.58,4.73,4.53,4.84,4.87,4.77,4.68,2,3.71,1,135,135,1.8560424539530784,86.0
1,2,1,1,0,0,0,0,0,0,0,1,0,0,0,0,0,0,0,1,0,0,0,0,0,0,1.0,1.0,1.0,1.0,1125.0,154,906,255,4.84,4.9,4.79,4.93,4.89,4.93,4.91,2,7.18,1,158,124,2.483656987106827,58.0
0,2,1,1,0,0,0,0,0,0,0,0,1,0,0,0,0,0,0,1,0,0,0,0,0,0,1.5,1.0,1.0,15.0,112.0,364,231,0,4.81,4.87,4.37,4.94,4.96,4.52,4.87,2,1.89,1,123,123,2.01940741598856,62.87
0,2,1,1,0,0,0,0,0,0,0,0,0,1,0,0,0,0,0,1,0,0,0,0,0,0,1.0,1.0,2.0,5.0,300.0,263,29,10,4.83,4.9,4.59,4.83,4.9,4.72,4.76,2,0.41,1,121,70,0.9512104705739407,64.0
0,1,1,1,0,0,1,0,0,0,0,0,0,0,0,0,0,0,0,0,0,0,0,0,1,0,2.0,4.0,4.0,2.0,1125.0,319,200,66,4.66,4.8,4.71,4.9,4.87,4.81,4.77,1,1.65,1,175,120,4.446586410098523,313.0
0,13,1,1,0,0,0,0,0,0,0,0,1,0,0,0,0,0,0,1,0,0,0,0,0,0,1.0,1.0,1.0,18.0,1125.0,276,55,36,4.67,4.8,4.6,4.94,4.76,4.67,4.76,2,0.46,1,131,122,0.5812923817227658,51.89
1,8,1,1,0,0,1,0,0,0,0,0,0,0,0,0,0,0,0,0,0,0,0,0,0,1,2.0,2.0,2.0,1.0,730.0,305,143,180,4.95,4.96,4.91,4.99,4.98,4.85,4.69,8,1.22,1,162,131,3.990597844172402,394.0
1,2,1,1,0,0,0,0,0,0,0,0,1,0,0,0,0,0,0,1,1,0,0,0,0,0,1.0,1.0,1.0,2.0,1125.0,97,55,42,4.69,4.85,4.8,4.87,4.75,4.82,4.75,2,0.5,1,118,116,0.370324664923204,68.5
1,2,1,1,0,0,0,0,0,0,0,1,0,0,0,0,0,0,0,1,1,0,0,0,0,0,1.0,1.0,1.0,1.0,1125.0,333,604,255,4.78,4.86,4.68,4.88,4.8,4.92,4.86,2,8.2,1,158,124,2.5256498924925106,92.0
0,2,1,1,0,0,0,0,0,0,0,0,1,0,0,0,0,0,0,1,0,0,0,0,0,0,1.5,1.0,1.0,15.0,112.0,364,132,0,4.92,4.91,4.53,4.96,4.96,4.67,4.94,2,1.18,1,123,123,2.022707835366354,60.67
0,13,1,1,0,0,0,0,0,0,0,0,1,0,0,0,0,0,0,1,0,0,0,0,0,0,1.0,1.0,1.0,1.0,1125.0,332,56,0,4.75,4.71,4.57,4.93,4.95,4.7,4.66,2,0.5,1,131,122,0.6367359794269618,52.43
1,8,1,1,0,0,1,0,0,0,0,0,0,0,0,0,0,0,0,0,0,0,0,0,1,0,1.0,2.0,3.0,2.0,1125.0,350,58,0,4.97,4.93,5.0,4.98,5.0,4.97,4.79,8,0.58,1,162,131,4.442672495719841,411.5
1,3,1,1,0,0,0,0,0,0,0,0,1,0,0,0,0,0,0,1,1,0,0,0,0,0,1.0,1.0,1.0,1.0,1125.0,228,92,60,4.96,4.97,4.95,4.98,4.95,4.95,4.93,3,0.99,1,145,93,0.7951910029001047,92.0
1,8,1,1,0,0,1,0,0,0,0,0,0,0,0,0,0,0,0,0,0,0,0,0,1,0,1.0,2.0,3.0,1.0,1125.0,324,102,126,4.91,4.93,4.85,4.93,4.93,4.86,4.75,8,0.97,1,162,131,4.367295316251629,246.49
1,2,1,1,0,0,0,0,1,0,0,0,0,0,0,0,0,0,0,0,0,0,1,0,0,0,1.0,1.0,2.0,2.0,1125.0,355,132,6,4.91,4.93,4.93,4.98,4.96,4.88,4.87,2,1.32,1,122,99,1.1563978852685761,194.0
1,8,1,1,0,0,1,0,0,0,0,0,0,0,0,0,0,0,0,0,1,0,0,0,0,0,1.0,1.0,1.0,2.0,1125.0,258,54,36,4.89,4.91,4.91,4.93,4.96,4.91,4.85,8,0.51,1,116,105,0.6859296137371166,128.5
0,13,1,1,0,0,0,0,0,0,0,0,1,0,0,0,0,0,0,1,1,0,0,0,0,0,1.0,1.0,1.0,18.0,1125.0,359,49,108,4.8,4.86,4.73,4.98,4.96,4.67,4.69,3,0.51,1,107,104,0.8675266517997187,51.23
1,8,1,1,0,0,0,0,1,0,0,0,0,0,0,0,0,0,0,0,1,0,0,0,0,0,1.0,1.0,1.0,2.0,1125.0,259,140,48,4.86,4.89,4.84,4.91,4.93,4.88,4.84,8,1.34,1,116,105,0.7940811327537366,131.5
1,9,1,1,0,0,0,0,1,0,0,0,0,0,0,0,0,0,0,0,0,0,1,0,0,0,1.0,1.0,2.0,3.0,730.0,236,191,60,4.75,4.86,4.77,4.92,4.98,4.57,4.76,9,1.83,1,104,103,0.32409584085323656,114.33
0,13,1,1,0,0,0,0,0,0,0,0,1,0,0,0,0,0,0,1,0,0,0,0,0,0,1.0,1.0,1.0,20.0,1125.0,303,28,80,4.79,4.68,4.57,4.96,5.0,4.68,4.71,3,0.27,1,107,104,0.9750474623701089,49.0
1,8,1,1,0,0,0,0,0,0,0,0,1,0,0,0,0,0,0,1,1,0,0,0,0,0,1.0,1.0,1.0,2.0,1125.0,312,142,120,4.91,4.9,4.93,4.97,4.94,4.93,4.84,8,1.38,1,116,105,0.6246013738973604,103.0
1,8,1,1,0,0,0,0,0,0,0,1,0,0,0,0,0,0,0,1,1,0,0,0,0,0,1.0,1.0,1.0,2.0,1125.0,352,58,48,4.93,4.97,4.93,4.95,4.95,4.91,4.79,8,0.62,1,116,105,0.7100125703074652,97.0
0,1,1,1,1,0,0,0,0,0,0,0,0,0,0,0,0,0,0,0,1,0,0,0,0,0,1.0,1.0,3.0,1.0,1125.0,102,996,255,4.9,4.94,4.91,4.97,4.96,4.92,4.92,1,10.2,1,151,96,1.0509586875552503,115.0
0,1,1,1,0,0,0,0,1,0,0,0,0,0,0,0,0,0,0,0,0,0,1,0,0,0,1.0,1.0,1.0,2.0,1125.0,309,173,186,4.86,4.94,4.83,4.98,4.98,4.95,4.83,1,1.81,1,156,69,1.1074375994384733,137.0
1,8,1,1,0,0,0,0,0,0,0,0,0,1,0,0,0,0,0,1,1,0,0,0,0,0,1.0,1.0,1.0,2.0,1125.0,296,39,78,5.0,5.0,4.95,5.0,5.0,4.92,4.95,8,0.44,1,116,105,0.7099194440710404,100.0
0,1,1,1,0,0,1,0,0,0,0,0,0,0,0,0,0,0,0,0,0,0,1,0,0,0,1.5,2.0,5.0,2.0,30.0,169,17,18,4.94,5.0,4.76,5.0,4.88,5.0,5.0,1,0.18,1,95,93,2.9684601396847974,342.5
1,3,1,1,0,0,0,0,0,0,0,0,0,1,0,0,0,0,0,1,1,0,0,0,0,0,1.0,1.0,1.0,1.0,730.0,224,280,60,4.96,4.98,4.97,4.96,4.98,4.96,4.96,3,3.03,1,145,93,0.7982774233626028,69.0
0,14,1,1,0,0,0,1,0,0,0,0,0,0,0,0,0,0,0,0,0,0,0,1,0,0,1.0,1.0,2.0,1.0,1125.0,353,749,255,4.8,4.87,4.84,4.87,4.91,4.71,4.81,11,8.14,1,128,92,2.301357071967724,142.0
0,14,1,1,0,0,0,0,1,0,0,0,0,0,0,0,0,0,0,0,0,1,0,0,0,0,1.0,1.0,2.0,1.0,1125.0,338,692,255,4.72,4.77,4.71,4.83,4.89,4.6,4.7,11,7.57,1,128,92,2.301357071967724,119.0
0,2,1,1,0,0,0,0,0,0,0,0,1,0,0,0,0,0,0,1,1,0,0,0,0,0,1.0,1.0,1.0,1.0,1125.0,149,9,12,5.0,5.0,5.0,5.0,5.0,5.0,4.89,1,0.1,1,96,92,2.473858754710264,195.0
1,7,1,1,0,0,0,0,1,0,0,0,0,0,0,0,0,0,0,0,1,0,0,0,0,0,1.0,1.0,1.0,1.0,1125.0,357,137,180,4.71,4.86,4.82,4.85,4.64,4.79,4.69,7,1.48,1,142,142,0.9610710737283957,186.0
1,8,1,1,0,0,0,0,0,0,0,0,1,0,0,0,0,0,0,1,0,0,0,0,0,0,1.0,1.0,1.0,2.0,1125.0,225,78,60,4.95,4.94,4.95,4.95,4.97,4.96,4.94,8,0.87,1,116,105,0.7552111013747632,100.0
0,1,1,1,0,0,0,0,0,0,0,0,1,0,0,0,0,0,0,1,0,0,1,0,0,0,1.0,2.0,2.0,3.0,1125.0,270,1,0,5.0,5.0,5.0,5.0,5.0,5.0,5.0,1,0.05,1,116,76,3.6029683575694276,202.67
0,14,1,1,0,0,0,0,1,0,0,0,0,0,0,0,0,0,0,0,0,0,0,0,1,0,1.0,2.0,3.0,1.0,1125.0,348,488,216,4.69,4.76,4.68,4.77,4.83,4.64,4.69,11,5.53,1,128,92,2.3160483106931817,188.0
0,14,1,1,0,0,0,0,1,0,0,0,0,0,0,0,0,0,0,0,0,0,0,0,1,0,1.0,2.0,2.0,1.0,1125.0,350,505,252,4.74,4.8,4.74,4.84,4.87,4.61,4.74,11,5.79,1,128,92,2.309976933545289,186.0
1,3,1,1,0,0,0,0,0,0,0,0,1,0,0,0,0,0,0,1,1,0,0,0,0,0,1.0,1.0,1.0,1.0,1125.0,228,224,156,4.99,4.97,4.96,4.99,4.95,4.95,4.96,3,2.65,1,145,93,0.8729334480735648,69.0
1,17,1,1,0,0,0,0,1,0,0,0,0,0,0,0,0,0,0,0,1,0,0,0,0,0,1.0,1.0,1.0,2.0,1125.0,73,336,150,4.81,4.83,4.84,4.85,4.84,4.32,4.77,14,3.97,1,89,85,2.105000316589938,145.0
1,2,1,1,0,0,0,0,0,0,0,0,1,0,0,0,0,0,0,1,0,0,0,0,0,0,1.5,1.0,1.0,1.0,1125.0,236,490,255,4.97,4.99,4.99,4.98,4.98,4.98,4.98,2,5.95,1,100,88,2.375180038591254,75.0
1,4,1,1,0,0,0,0,1,0,0,0,0,0,0,0,0,0,0,0,0,0,1,0,0,0,1.0,2.0,2.0,1.0,365.0,306,57,66,4.77,4.81,4.81,4.72,4.96,4.58,4.56,4,0.72,1,80,80,1.203354347177665,230.0
0,12,1,1,0,0,0,0,1,0,0,0,0,0,0,0,0,0,0,0,0,0,1,0,0,0,1.0,1.0,1.0,5.0,1125.0,269,25,10,4.48,4.48,4.6,4.84,4.88,4.72,4.36,11,0.31,1,97,83,0.584176235574214,131.8
1,1,1,1,0,0,0,0,1,0,0,0,0,0,0,0,0,0,0,0,0,0,1,0,0,0,1.0,2.0,2.0,1.0,14.0,169,247,54,4.94,4.95,4.89,4.96,4.93,4.72,4.83,1,3.16,1,150,113,2.666812043352807,303.0
1,9,1,1,0,0,0,0,1,0,0,0,0,0,0,0,0,0,0,0,0,0,0,1,0,0,1.0,2.0,3.0,3.0,700.0,254,147,96,4.86,4.93,4.88,4.95,4.97,4.92,4.81,9,1.85,1,104,103,1.7599554488930929,137.0
1,2,1,1,0,0,1,0,0,0,0,0,0,0,0,0,0,0,0,0,0,0,1,0,0,0,1.0,1.0,3.0,1.0,800.0,224,175,12,4.99,4.99,4.99,4.99,4.99,4.97,4.95,1,2.24,1,127,122,3.6548341160413687,177.0
0,12,1,1,0,0,0,0,1,0,0,0,0,0,0,0,0,0,0,0,0,0,1,0,0,0,1.0,2.0,2.0,7.0,1125.0,360,25,0,4.76,4.72,4.8,4.8,4.8,4.8,4.68,11,0.32,1,97,83,1.2422415006372234,132.4
0,2,1,1,0,0,1,0,0,0,0,0,0,0,0,0,0,0,0,0,0,0,0,0,1,0,1.5,3.0,3.0,1.0,1125.0,140,142,144,4.78,4.87,4.63,4.85,4.93,4.6,4.77,1,1.9,1,180,75,2.3504521742629536,294.42
1,3,1,1,0,0,0,0,1,0,0,0,0,0,0,0,0,0,0,0,0,0,1,0,0,0,1.0,2.0,2.0,1.0,29.0,74,134,114,4.84,4.87,4.83,4.89,4.92,4.53,4.84,3,1.92,1,83,73,2.323434356690466,293.0
1,4,1,1,0,0,0,0,1,0,0,0,0,0,0,0,0,0,0,0,0,1,0,0,0,0,1.0,1.0,2.0,1.0,1080.0,365,24,36,4.96,5.0,4.96,4.79,4.96,4.79,4.88,4,0.37,1,80,80,1.1344049162423795,301.0
1,17,1,1,0,0,1,0,0,0,0,0,0,0,0,0,0,0,0,0,0,0,0,0,1,0,1.0,3.0,3.0,2.0,1125.0,58,92,6,4.91,4.9,4.91,4.95,4.93,4.82,4.78,14,1.27,1,89,85,1.996716352913206,370.5
1,3,1,1,0,0,0,0,1,0,0,0,0,0,0,0,0,0,0,0,0,0,1,0,0,0,1.0,2.0,1.0,1.0,365.0,306,401,174,4.97,4.98,4.99,4.98,4.99,4.95,4.96,3,5.57,1,71,71,0.5997770936317691,140.0
1,3,1,1,0,0,0,0,1,0,0,0,0,0,0,0,0,0,0,0,0,0,1,0,0,0,1.0,1.0,2.0,1.0,1125.0,320,330,168,4.99,4.98,4.99,4.98,5.0,4.97,4.97,3,4.61,1,71,71,0.4907404735667624,159.0
1,6,1,1,0,0,0,0,1,0,0,0,0,0,0,0,0,0,0,0,0,0,1,0,0,0,1.0,2.0,2.0,13.0,1125.0,242,28,52,4.86,4.93,4.71,4.96,4.96,4.96,4.79,6,0.4,1,71,70,2.303560628979871,173.54
0,1,1,1,0,0,0,0,1,0,0,0,0,0,0,0,0,0,0,0,0,1,0,0,0,0,1.0,1.0,1.0,1.0,365.0,358,134,30,4.95,4.97,4.93,4.97,4.97,4.94,4.9,1,1.9,1,69,69,1.6874498372584337,168.0
1,3,1,1,0,0,0,1,0,0,0,0,0,0,0,0,0,0,0,0,0,0,1,0,0,0,1.0,2.0,3.0,1.0,29.0,73,57,102,4.68,4.79,4.8,4.89,4.77,4.39,4.59,3,0.99,1,83,73,2.3574405170984254,166.0
0,17,1,1,0,0,0,0,1,0,0,0,0,0,0,0,0,0,0,0,0,1,0,0,0,0,1.0,1.0,1.0,1.0,1125.0,185,102,18,4.61,4.71,4.71,4.8,4.83,4.49,4.56,16,1.56,1,127,64,1.92301534492048,217.0
0,17,1,1,0,0,0,0,1,0,0,0,0,0,0,0,0,0,0,0,0,1,0,0,0,0,1.0,1.0,1.0,1.0,1125.0,330,132,54,4.79,4.83,4.87,4.85,4.92,4.48,4.72,16,2.01,1,127,64,1.8290118742846162,217.0
0,17,1,1,0,0,0,0,1,0,0,0,0,0,0,0,0,0,0,0,0,0,1,0,0,0,1.0,2.0,2.0,1.0,1125.0,183,155,54,4.64,4.71,4.71,4.88,4.85,4.46,4.56,16,2.37,1,127,64,2.009483492565914,234.0
1,1,1,1,0,0,1,0,0,0,0,0,0,0,0,0,0,0,0,0,0,0,1,0,0,0,1.0,2.0,2.0,1.0,1125.0,234,280,132,4.99,4.99,4.99,4.99,4.99,4.9,4.94,1,4.29,1,121,64,1.0144747739473305,331.0
1,9,1,1,0,0,0,0,1,0,0,0,0,0,0,0,0,0,0,0,0,0,0,1,0,0,1.0,2.0,2.0,3.0,1125.0,243,121,150,4.88,4.88,4.83,4.94,4.98,4.74,4.84,9,1.85,1,104,103,1.6119087942384096,133.67
1,7,1,1,0,0,0,0,1,0,0,0,0,0,0,0,0,0,0,0,1,0,0,0,0,0,1.0,1.0,1.0,1.0,1125.0,335,116,255,4.71,4.82,4.78,4.69,4.72,4.67,4.71,7,1.78,1,142,142,0.9093898463698808,180.0
1,9,1,1,0,0,0,0,1,0,0,0,0,0,0,0,0,0,0,0,0,1,0,0,0,0,1.0,1.0,1.0,3.0,700.0,335,85,84,4.91,4.93,4.88,4.96,4.99,4.87,4.94,9,1.31,1,104,103,3.0985622757266498,121.73
1,16,1,1,0,0,0,0,0,0,0,0,1,0,0,0,0,0,0,1,0,1,0,0,0,0,1.0,1.0,2.0,1.0,1125.0,2,216,255,4.96,4.98,4.99,4.96,4.98,4.97,4.98,12,3.27,1,65,65,2.2342152330809015,150.0
1,4,1,1,0,0,0,0,1,0,0,0,0,0,0,0,0,0,0,0,0,1,0,0,0,0,1.0,2.0,3.0,1.0,1125.0,205,29,48,4.55,4.69,4.52,4.76,4.76,4.31,4.34,4,0.44,1,80,80,1.1859347686027106,197.67
1,7,1,1,0,0,0,0,1,0,0,0,0,0,0,0,0,0,0,0,0,0,1,0,0,0,1.0,1.0,2.0,1.0,1125.0,248,190,120,4.84,4.9,4.95,4.95,4.85,4.9,4.82,2,2.92,1,64,64,2.0199274658920796,218.0
1,21,1,1,0,0,1,0,0,0,0,0,0,0,0,0,0,0,0,0,0,0,0,0,1,0,1.0,3.0,4.0,1.0,1125.0,331,175,48,4.79,4.87,4.95,4.94,4.93,4.49,4.65,21,2.69,1,72,71,0.7947534431443091,264.75
1,7,1,1,0,0,0,0,1,0,0,0,0,0,0,0,0,0,0,0,0,0,0,0,1,0,1.0,2.0,3.0,1.0,730.0,162,257,156,4.89,4.95,4.93,4.96,4.91,4.86,4.86,2,4.35,1,64,64,2.2202385806359697,276.0
1,8,1,1,0,0,0,0,0,0,0,0,1,0,0,0,0,0,0,1,0,0,0,0,0,0,1.0,1.0,1.0,2.0,1125.0,265,92,84,4.93,4.96,4.97,4.91,4.97,4.87,4.96,8,1.43,1,116,105,0.7041630263458429,86.0
0,3,1,1,0,0,0,0,1,0,0,0,0,0,0,0,0,0,0,0,1,0,0,0,0,0,1.0,1.0,1.0,2.0,1125.0,146,109,36,4.66,4.82,4.57,4.84,4.67,4.84,4.72,3,1.85,1,63,58,1.3496634943240644,149.0
0,1,1,1,0,0,0,0,1,0,0,0,0,0,0,0,0,0,0,0,1,0,0,0,0,0,1.0,1.0,1.0,2.0,365.0,88,221,180,4.99,5.0,4.99,4.96,4.98,4.9,4.97,1,3.75,1,127,58,1.1195767879540803,126.5
0,17,1,1,0,0,0,0,1,0,0,0,0,0,0,0,0,0,0,0,0,1,0,0,0,0,1.0,1.0,1.0,1.0,1125.0,185,105,96,4.72,4.78,4.71,4.85,4.86,4.48,4.7,16,1.72,1,127,64,2.3370630051254486,215.0
1,1,1,1,0,0,0,0,1,0,0,0,0,0,0,0,0,0,0,0,0,1,0,0,0,0,1.0,1.0,2.0,2.0,1125.0,318,201,96,4.97,4.98,4.94,4.99,4.98,4.82,4.92,1,3.7,1,114,53,0.35962484330703376,188.5
0,12,1,1,0,0,0,0,1,0,0,0,0,0,0,0,0,0,0,0,0,0,1,0,0,0,1.0,2.0,2.0,3.0,365.0,362,20,24,4.45,4.45,4.45,4.7,4.75,4.7,4.4,11,0.33,1,97,83,1.091234135305708,207.33
0,1,1,1,0,0,0,0,0,0,0,0,1,0,0,0,0,0,0,1,0,0,0,0,0,0,1.0,1.0,1.0,3.0,180.0,119,46,6,4.93,4.85,4.83,4.96,4.96,4.91,4.91,1,0.8,1,100,59,4.088948838484159,96.0
0,17,1,1,0,0,0,0,1,0,0,0,0,0,0,0,0,0,0,0,1,0,0,0,0,0,1.0,1.0,1.0,1.0,1125.0,194,47,12,4.64,4.81,4.89,4.91,4.83,4.38,4.57,16,0.79,1,127,64,2.276006024738709,217.0
0,1,1,1,0,0,0,0,0,0,0,0,0,0,0,0,1,0,0,0,1,0,0,0,0,0,1.0,1.0,1.0,1.0,1125.0,125,278,138,4.73,4.84,4.92,4.8,4.88,4.21,4.7,1,4.65,1,58,58,1.2132772831294494,112.0
1,1,1,1,0,0,0,0,1,0,0,0,0,0,0,0,0,0,0,0,1,0,0,0,0,0,1.0,1.0,1.0,1.0,120.0,146,32,18,4.94,4.97,4.75,4.97,5.0,4.94,4.84,1,0.57,1,58,56,0.12799399731033737,126.0
0,17,1,1,0,0,0,0,1,0,0,0,0,0,0,0,0,0,0,0,0,1,0,0,0,0,1.0,1.0,1.0,1.0,1125.0,131,89,60,4.74,4.82,4.73,4.78,4.83,4.52,4.69,16,1.51,1,127,64,2.17898470820164,165.5
1,3,1,1,0,0,0,0,1,0,0,0,0,0,0,0,0,0,0,0,1,0,0,0,0,0,1.0,1.0,1.0,2.0,365.0,360,98,48,4.74,4.88,4.6,4.93,4.89,4.5,4.77,3,1.72,1,123,57,2.0874470776856624,161.5
1,9,1,1,0,0,0,0,0,1,0,0,0,0,0,0,0,0,0,0,0,0,0,1,0,0,1.0,2.0,2.0,3.0,365.0,135,93,120,4.89,4.9,4.9,4.92,4.98,4.7,4.83,9,1.62,1,104,103,3.106180467669867,195.67
1,1,1,1,1,0,0,0,0,0,0,0,0,0,0,0,0,0,0,0,1,0,0,0,0,0,1.0,1.0,1.0,1.0,1125.0,59,401,255,4.91,4.94,4.91,4.9,4.98,4.86,4.9,1,7.06,1,132,56,0.944867478230662,118.0
0,3,1,1,0,0,0,0,1,0,0,0,0,0,0,0,0,0,0,0,1,0,0,0,0,0,1.0,1.0,1.0,2.0,1125.0,353,81,30,4.64,4.65,4.65,4.8,4.72,4.81,4.65,3,1.41,1,63,58,1.38842377240621,149.0
1,17,1,1,0,0,1,0,0,0,0,0,0,0,0,0,0,0,0,0,0,0,0,0,1,0,1.0,3.0,3.0,2.0,1125.0,243,158,120,4.93,4.91,4.88,4.97,4.97,4.93,4.87,14,2.78,1,89,85,1.3970844334192687,268.0
0,17,1,1,0,0,0,0,1,0,0,0,0,0,0,0,0,0,0,0,0,1,0,0,0,0,1.0,1.0,1.0,1.0,1125.0,196,88,72,4.67,4.72,4.61,4.76,4.78,4.44,4.6,16,1.56,1,127,64,2.2032632060489457,217.0
1,3,1,1,0,0,0,0,1,0,0,0,0,0,0,0,0,0,0,0,0,0,1,0,0,0,1.0,1.0,2.0,1.0,1125.0,327,283,255,4.96,4.96,4.98,4.98,4.98,4.96,4.93,3,5.01,1,71,71,0.48093669504646297,154.0
0,4,1,1,0,0,0,0,1,0,0,0,0,0,0,0,0,0,0,0,1,0,0,0,0,0,1.0,1.0,1.0,1.0,28.0,89,308,234,4.86,4.88,4.77,4.94,4.96,4.78,4.82,4,5.61,1,54,54,1.0194448089206203,177.0
0,17,1,1,0,0,0,0,1,0,0,0,0,0,0,0,0,0,0,0,0,0,0,1,0,0,2.0,2.0,2.0,1.0,1125.0,178,144,144,4.59,4.72,4.56,4.72,4.77,4.36,4.52,16,2.62,1,127,64,2.2975857417208108,269.0
0,20,1,1,0,0,0,0,1,0,0,0,0,0,0,0,0,0,0,0,1,0,0,0,0,0,1.0,1.0,1.0,1.0,1125.0,248,124,114,4.76,4.81,4.79,4.88,4.94,4.83,4.73,16,2.54,1,131,87,1.3028338812724531,146.0
0,20,1,1,0,0,0,0,1,0,0,0,0,0,0,0,0,0,0,0,0,0,1,0,0,0,1.0,2.0,3.0,1.0,1125.0,325,82,78,4.9,4.94,4.9,4.95,5.0,4.83,4.88,16,1.59,1,131,87,0.6516367970044007,183.0
0,20,1,1,0,0,0,0,1,0,0,0,0,0,0,0,0,0,0,0,1,0,0,0,0,0,1.0,1.0,1.0,1.0,1125.0,337,192,255,4.88,4.89,4.83,4.91,4.96,4.8,4.82,16,3.55,1,131,87,0.6363923031314302,173.0
1,9,1,1,0,0,0,0,0,1,0,0,0,0,0,0,0,0,0,0,0,0,0,0,1,0,1.5,2.0,2.0,3.0,1125.0,219,87,174,4.89,4.92,4.89,4.94,4.97,4.77,4.89,9,1.92,1,104,103,0.9593465822418107,143.67
1,9,1,1,0,0,0,0,1,0,0,0,0,0,0,0,0,0,0,0,0,1,0,0,0,0,1.0,1.0,1.0,3.0,1125.0,319,66,54,4.73,4.77,4.88,4.88,4.98,4.39,4.68,9,1.33,1,104,103,0.35842532519415515,136.67
0,1,1,1,0,0,0,0,1,0,0,0,0,0,0,0,0,0,0,0,1,0,0,0,0,0,1.0,1.0,2.0,5.0,1125.0,363,2,0,3.0,3.0,3.0,4.0,4.0,4.5,3.0,1,0.04,1,54,51,1.3131162121740347,95.17
1,6,1,1,0,0,0,0,1,0,0,0,0,0,0,0,0,0,0,0,1,0,0,0,0,0,1.0,1.0,1.0,13.0,365.0,166,17,78,5.0,4.94,4.94,5.0,5.0,4.24,4.82,6,0.35,1,71,70,2.2024193162574672,107.69
1,16,1,1,0,0,0,0,0,0,0,0,1,0,0,0,0,0,0,1,1,0,0,0,0,0,1.0,1.0,1.0,1.0,1125.0,3,157,186,4.96,4.94,4.99,4.88,4.96,4.96,4.94,12,3.25,1,65,65,2.24286007399418,124.0
0,4,1,1,0,0,0,0,1,0,0,0,0,0,0,0,0,0,0,0,1,0,0,0,0,0,1.0,1.0,1.0,1.0,28.0,91,242,255,4.84,4.93,4.83,4.91,4.95,4.76,4.83,4,4.84,1,54,54,0.8248351428962805,177.0
1,6,1,1,0,0,0,0,1,0,0,0,0,0,0,0,0,0,0,0,1,0,0,0,0,0,1.0,1.0,1.0,13.0,365.0,282,12,52,5.0,5.0,5.0,5.0,4.83,4.17,5.0,6,0.25,1,71,70,2.116252366191137,151.69
0,17,1,1,0,0,0,0,1,0,0,0,0,0,0,0,0,0,0,0,1,0,0,0,0,0,1.0,1.0,1.0,1.0,1125.0,189,66,54,4.76,4.86,4.76,4.92,4.86,4.53,4.62,16,1.35,1,127,64,2.0116791530362317,208.0
0,1,1,1,0,0,0,0,0,0,0,0,0,1,0,0,0,0,0,1,0,0,0,0,0,0,1.0,2.0,2.0,3.0,7.0,88,0,0,-1.0,-1.0,-1.0,-1.0,-1.0,-1.0,-1.0,1,0.0,0,155,46,0.9371357231361669,93.67
1,6,1,1,0,0,0,0,1,0,0,0,0,0,0,0,0,0,0,0,1,0,0,0,0,0,1.0,1.0,1.0,14.0,365.0,166,8,0,4.75,4.88,4.88,5.0,5.0,4.5,4.63,6,0.17,1,71,70,2.0513948797951977,215.86
0,2,1,1,0,0,1,0,0,0,0,0,0,0,0,0,0,0,0,0,0,0,1,0,0,0,1.0,4.0,4.0,5.0,1125.0,357,5,0,5.0,5.0,5.0,5.0,5.0,5.0,5.0,2,0.1,1,47,47,2.3662176670637494,213.8
0,2,1,1,0,0,1,0,0,0,0,0,0,0,0,0,0,0,0,0,0,0,1,0,0,0,1.0,4.0,3.0,7.0,1125.0,365,2,0,5.0,5.0,5.0,5.0,5.0,5.0,5.0,2,0.04,1,47,47,2.320575106064638,175.51
1,3,1,1,0,0,0,0,0,0,0,0,0,0,0,0,0,0,0,0,1,0,0,0,0,0,1.0,1.0,1.0,1.0,21.0,315,348,255,4.89,4.91,4.91,4.96,4.95,4.89,4.84,2,7.47,1,172,46,1.2943998913986223,149.0
0,3,1,1,0,0,0,0,0,0,0,0,0,0,0,0,0,0,0,0,0,0,1,0,0,0,2.0,2.0,2.0,2.0,1125.0,122,10,30,5.0,5.0,4.9,5.0,5.0,4.8,5.0,3,0.22,1,45,45,1.8803358915518045,436.0
0,1,1,1,1,0,0,0,0,0,0,0,0,0,0,0,0,0,0,0,0,0,0,0,0,1,1.0,3.0,5.0,2.0,1125.0,160,6,12,4.67,4.67,4.83,4.83,5.0,4.67,4.67,1,0.26,1,164,136,2.234620418494106,290.0
1,1,1,1,0,0,0,0,1,0,0,0,0,0,0,0,0,0,0,0,1,0,0,0,0,0,1.0,1.0,1.0,3.0,730.0,162,9,36,4.89,4.89,5.0,5.0,5.0,4.89,4.78,1,0.2,1,124,44,2.6320985690448917,145.33
1,6,1,1,0,0,0,0,1,0,0,0,0,0,0,0,0,0,0,0,1,0,0,0,0,0,1.0,1.0,1.0,13.0,365.0,166,10,52,4.9,5.0,5.0,5.0,4.8,4.0,5.0,6,0.24,1,71,70,1.9896500452865136,231.54
1,17,1,1,0,0,0,0,1,0,0,0,0,0,0,0,0,0,0,0,0,0,1,0,0,0,1.0,2.0,2.0,2.0,365.0,65,75,60,4.89,4.95,4.97,4.95,4.93,4.87,4.87,14,1.69,1,89,85,2.1078055890276217,227.5
0,14,1,1,0,0,0,0,1,0,0,0,0,0,0,0,0,0,0,0,0,0,1,0,0,0,1.0,1.0,1.0,1.0,1125.0,357,114,198,4.71,4.81,4.73,4.78,4.84,4.52,4.7,11,2.58,1,128,92,2.347554221382054,155.0
1,17,1,1,0,0,0,0,1,0,0,0,0,0,0,0,0,0,0,0,0,0,0,0,1,0,1.0,4.0,4.0,1.0,1125.0,66,46,0,4.61,4.54,4.74,4.65,4.83,4.3,4.57,14,1.05,1,89,85,0.8702980392117485,403.0
1,8,1,1,0,0,0,0,0,0,0,0,1,0,0,0,0,0,0,1,0,0,0,0,0,0,1.0,1.0,1.0,2.0,1125.0,324,47,54,4.89,4.91,4.98,4.87,4.96,4.87,4.85,8,1.06,1,116,105,0.712013565676165,86.0
1,2,1,1,0,0,0,0,1,0,0,0,0,0,0,0,0,0,0,0,1,0,0,0,0,0,1.0,1.0,1.0,2.0,1125.0,355,47,96,4.98,5.0,4.94,4.96,4.98,4.85,4.94,2,1.22,1,122,99,1.1656388225907397,147.0
0,2,1,1,0,0,0,0,0,0,0,0,0,1,0,0,0,0,0,1,0,0,0,0,0,0,1.0,1.0,2.0,20.0,365.0,241,22,160,4.77,4.68,4.55,4.77,4.86,4.73,4.68,2,0.52,1,121,70,0.9316846688308634,55.4
0,12,1,1,0,0,0,0,1,0,0,0,0,0,0,0,0,0,0,0,1,0,0,0,0,0,1.0,1.0,1.0,7.0,365.0,312,15,14,5.0,4.87,4.93,5.0,4.93,5.0,4.8,11,0.35,1,97,83,0.945390746244326,103.6
1,17,1,1,0,0,0,0,1,0,0,0,0,0,0,0,0,0,0,0,0,0,1,0,0,0,1.0,2.0,2.0,2.0,365.0,36,70,108,4.89,4.87,4.77,4.91,4.87,4.9,4.76,14,1.74,1,89,85,2.1078055890276217,249.0
0,20,1,1,0,0,0,0,1,0,0,0,0,0,0,0,0,0,0,0,0,0,1,0,0,0,1.0,1.0,1.0,1.0,1125.0,259,50,30,4.9,4.92,4.82,4.96,5.0,4.86,4.88,16,1.17,1,131,87,0.6893774909061314,183.0
1,2,1,1,0,0,0,0,0,0,0,0,1,0,0,0,0,0,0,1,0,0,0,0,0,0,1.0,1.0,1.0,1.0,30.0,10,44,78,5.0,4.98,4.95,4.98,5.0,4.91,4.98,2,1.02,1,157,42,1.3083691548500898,115.0
1,1,1,1,0,0,0,0,1,0,0,0,0,0,0,0,0,0,0,0,1,0,0,0,0,0,1.0,1.0,1.0,4.0,90.0,231,78,120,4.9,4.92,4.87,4.97,4.99,4.94,4.85,1,1.85,1,85,70,2.612752437794558,91.4
0,1,1,1,0,0,0,0,0,0,0,0,1,0,0,0,0,0,0,1,0,0,0,0,0,0,2.0,1.0,1.0,1.0,4.0,164,62,252,4.69,4.69,4.68,4.77,4.73,4.82,4.69,1,1.53,1,41,41,3.1703141691387393,78.0
0,1,1,1,0,0,0,0,1,0,0,0,0,0,0,0,0,0,0,0,0,0,1,0,0,0,1.0,1.0,1.0,2.0,1125.0,302,43,42,4.77,4.88,4.86,4.88,4.88,4.3,4.63,1,1.05,1,86,85,1.7174271286315173,148.5
0,1,1,1,0,0,0,0,1,0,0,0,0,0,0,0,0,0,0,0,0,0,0,0,1,0,1.0,3.0,3.0,1.0,1125.0,255,24,54,4.5,4.67,4.75,4.83,4.83,3.92,4.42,1,0.65,1,141,133,1.591794030397172,137.33
0,6,1,1,0,0,0,0,0,0,1,0,0,0,0,0,0,0,0,1,1,0,0,0,0,0,1.0,1.0,1.0,1.0,1125.0,185,12,0,4.58,4.83,4.75,5.0,4.25,4.92,4.67,6,0.34,1,41,35,0.3053835794041451,167.0
1,2,1,1,0,0,0,0,0,0,0,0,1,0,0,0,0,0,0,1,1,0,0,0,0,0,1.0,1.0,1.0,2.0,1125.0,101,23,54,4.78,4.96,4.83,4.87,4.87,4.78,4.65,2,0.56,1,118,116,0.4311795032279209,68.5
0,6,1,1,0,0,0,0,0,0,1,0,0,0,0,0,0,0,0,1,1,0,0,0,0,0,1.0,1.0,1.0,1.0,1125.0,171,6,0,4.33,4.83,4.5,4.67,4.17,4.67,4.17,6,0.17,1,41,35,0.15384657545579203,190.0
0,6,1,1,0,0,0,0,0,0,1,0,0,0,0,0,0,0,0,1,1,0,0,0,0,0,1.0,1.0,2.0,1.0,1125.0,181,6,0,4.67,4.83,4.83,4.67,4.67,4.5,4.83,6,0.17,1,41,35,0.2488073113492464,179.0
0,6,1,1,0,0,0,0,0,0,1,0,0,0,0,0,0,0,0,1,1,0,0,0,0,0,1.0,1.0,1.0,1.0,1125.0,187,10,6,4.5,4.6,4.7,4.8,4.2,4.3,4.3,6,0.28,1,41,35,0.2488073113492464,167.0
0,5,1,1,0,0,0,0,0,0,0,0,0,1,0,0,0,0,0,1,1,0,0,0,0,0,1.0,1.0,1.0,5.0,365.0,360,24,70,4.63,4.63,4.58,4.79,4.75,4.71,4.67,5,0.69,1,111,34,1.8863704027061854,62.8
0,20,1,1,0,0,0,0,1,0,0,0,0,0,0,0,0,0,0,0,1,0,0,0,0,0,1.0,1.0,1.0,1.0,1125.0,311,59,114,4.68,4.78,4.66,4.8,4.88,4.81,4.73,16,1.44,1,131,87,0.8335364736491907,153.0
0,3,1,1,0,0,0,0,1,0,0,0,0,0,0,0,0,0,0,0,0,0,0,1,0,0,1.0,2.0,2.0,1.0,365.0,355,80,255,4.51,4.56,4.53,4.74,4.81,4.63,4.56,3,1.98,1,43,43,0.3970736446525101,236.0
0,2,1,1,0,0,0,0,1,0,0,0,0,0,0,0,0,0,0,0,0,0,1,0,0,0,1.0,2.0,2.0,3.0,365.0,362,6,0,4.33,4.5,4.5,4.5,4.83,3.83,4.17,2,0.18,1,48,40,0.48305751765123056,137.0
0,2,1,1,0,0,0,0,1,0,0,0,0,0,0,0,0,0,0,0,0,0,1,0,0,0,1.0,2.0,2.0,3.0,365.0,357,12,0,4.5,4.83,4.67,4.5,4.92,3.58,4.25,2,0.33,1,48,40,0.43820566982497877,137.0
0,12,1,1,0,0,0,0,1,0,0,0,0,0,0,0,0,0,0,0,0,0,1,0,0,0,1.0,3.0,2.0,14.0,365.0,364,2,0,3.5,3.0,3.5,3.0,4.5,5.0,3.5,11,0.05,1,97,83,1.0487947328091822,113.64
0,2,1,1,0,0,0,0,1,0,0,0,0,0,0,0,0,0,0,0,0,0,0,0,0,1,2.0,3.0,3.0,2.0,1125.0,173,21,12,4.52,4.62,4.52,4.52,4.71,4.43,4.57,2,0.54,1,126,79,1.8703426302225492,266.0
0,3,1,1,0,0,0,0,1,0,0,0,0,0,0,0,0,0,0,0,0,1,0,0,0,0,2.0,2.0,1.0,3.0,28.0,233,2,0,5.0,5.0,5.0,5.0,5.0,5.0,5.0,2,0.07,1,172,67,0.9439942219414079,236.0
1,1,1,1,0,0,0,0,0,0,0,0,0,0,1,0,0,0,0,1,0,1,0,0,0,0,1.0,1.0,2.0,1.0,1125.0,330,233,255,4.98,4.95,4.98,5.0,5.0,4.7,4.96,1,5.99,1,111,38,2.0549383493912607,160.0
1,13,1,1,0,0,0,0,0,0,0,0,1,0,0,0,0,0,0,1,0,0,0,0,0,0,1.5,1.0,1.0,4.0,28.0,75,18,16,5.0,5.0,5.0,4.94,5.0,4.89,4.89,13,0.51,1,141,38,2.1574889205658523,97.0
1,3,1,1,0,0,0,0,1,0,0,0,0,0,0,0,0,0,0,0,1,0,0,0,0,0,1.0,1.0,1.0,3.0,365.0,339,30,48,4.83,4.83,4.8,4.93,4.9,4.7,4.9,3,0.8,1,123,57,2.1230228585741626,137.0
0,20,1,1,0,0,0,0,1,0,0,0,0,0,0,0,0,0,0,0,1,0,0,0,0,0,1.0,1.0,1.0,1.0,1125.0,356,31,66,4.84,4.87,4.84,4.94,5.0,4.94,4.71,16,0.81,1,131,87,0.7396575803058448,144.0
0,2,1,1,0,0,0,0,1,0,0,0,0,0,0,0,0,0,0,0,0,1,0,0,0,0,1.0,1.0,1.0,1.0,1125.0,206,79,96,4.77,4.85,4.89,4.77,4.87,4.57,4.65,2,2.1,1,37,37,0.16319608062314434,123.5
0,2,1,1,0,0,0,0,0,0,0,0,0,1,0,0,0,0,0,1,0,0,0,0,0,0,1.0,1.0,2.0,7.0,1125.0,364,32,70,4.66,4.72,4.59,4.94,5.0,4.06,4.53,2,0.87,1,48,37,0.8927158563963584,48.71
0,2,1,1,0,0,0,0,0,0,0,0,0,1,0,0,0,0,0,1,0,0,0,0,0,0,1.5,1.0,1.0,7.0,720.0,312,30,0,4.83,4.83,4.73,5.0,4.97,4.27,4.77,2,0.8,1,48,37,0.9455254985519034,50.29
0,1183,1,1,0,0,0,0,1,0,0,0,0,0,0,0,0,0,0,0,0,0,0,1,0,0,1.0,2.0,3.0,2.0,1125.0,354,19,18,4.26,4.37,4.68,4.68,4.53,4.16,4.21,4,0.51,1,110,108,1.9029123611358143,190.0
0,17,1,1,0,0,0,0,1,0,0,0,0,0,0,0,0,0,0,0,0,0,0,1,0,0,1.0,2.0,2.0,1.0,365.0,182,65,90,4.77,4.78,4.72,4.78,4.85,4.6,4.65,16,1.78,1,127,64,1.366779512811191,257.0
1,8,1,1,0,0,0,0,1,0,0,0,0,0,0,0,0,0,0,0,0,0,0,1,0,0,2.0,2.0,2.0,1.0,730.0,264,23,24,5.0,5.0,5.0,5.0,5.0,4.91,4.96,8,0.63,1,162,131,1.206369801745401,196.28
1,2,1,1,0,0,0,0,0,0,0,0,1,0,0,0,0,0,0,1,0,0,0,0,0,0,1.0,1.0,1.0,1.0,10.0,36,18,48,4.94,4.94,4.94,4.94,4.94,4.89,4.94,2,0.5,1,157,42,1.4046301438010247,92.0
0,1,1,1,0,0,0,0,0,0,0,0,0,1,0,0,0,0,0,1,1,0,0,0,0,0,1.0,1.0,1.0,1.0,365.0,364,0,0,-1.0,-1.0,-1.0,-1.0,-1.0,-1.0,-1.0,1,0.0,0,39,35,1.6071430877685706,107.0
0,4,1,1,0,0,0,0,1,0,0,0,0,0,0,0,0,0,0,0,1,0,0,0,0,0,1.0,1.0,1.0,7.0,365.0,268,3,0,4.67,3.67,4.67,4.67,5.0,3.0,4.33,4,0.09,1,35,35,1.461837498749109,102.54
1,17,1,1,0,0,0,0,1,0,0,0,0,0,0,0,0,0,0,0,0,0,1,0,0,0,1.0,2.0,2.0,2.0,1125.0,10,52,66,4.62,4.79,4.83,4.73,4.77,4.6,4.69,14,1.47,1,89,85,2.0993678169026895,171.5
0,6,1,1,0,0,0,0,0,0,1,0,0,0,0,0,0,0,0,1,1,0,0,0,0,0,1.0,1.0,1.0,1.0,1125.0,178,10,12,4.7,4.6,4.9,4.6,4.2,4.7,4.6,6,0.28,1,41,35,0.23762749792060545,167.0
0,11,1,1,0,0,0,0,0,0,0,0,0,0,0,0,0,1,0,1,1,0,0,0,0,0,1.0,1.0,1.0,1.0,365.0,189,3,6,5.0,5.0,5.0,5.0,5.0,5.0,5.0,11,0.09,1,34,34,0.043822414462714086,174.0
0,11,1,1,0,0,0,0,0,0,0,0,0,0,0,0,0,1,0,1,1,0,0,0,0,0,1.0,1.0,1.0,1.0,365.0,147,9,12,4.67,5.0,4.89,4.78,4.89,4.89,4.67,11,0.26,1,34,34,0.08368391481200457,174.0
0,11,1,1,0,0,0,0,0,0,0,0,0,0,0,0,0,1,0,1,1,0,0,0,0,0,1.0,1.0,1.0,1.0,365.0,188,3,6,4.67,5.0,5.0,5.0,5.0,4.33,5.0,11,0.14,1,34,34,0.2224861675917161,174.0
0,11,1,1,0,0,0,0,0,0,0,0,0,0,0,0,0,1,0,1,1,0,0,0,0,0,1.0,1.0,1.0,1.0,365.0,190,7,6,4.43,4.43,4.71,4.43,4.14,4.43,3.86,11,0.22,1,34,34,0.21178488369971396,174.0
0,11,1,1,0,0,0,0,0,0,0,0,0,0,0,0,0,1,0,1,1,0,0,0,0,0,1.0,1.0,1.0,1.0,365.0,182,4,12,4.0,4.0,4.75,4.5,4.0,4.5,3.75,11,0.13,1,34,34,0.17687523732967533,292.0
0,11,1,1,0,0,0,0,0,0,0,0,0,0,0,0,0,1,0,1,1,0,0,0,0,0,1.0,1.0,1.0,1.0,365.0,184,2,12,5.0,5.0,5.0,5.0,5.0,5.0,5.0,11,0.19,1,34,34,0.23706600327420324,280.0
0,11,1,1,0,0,0,0,0,0,0,0,0,0,0,0,0,1,0,1,1,0,0,0,0,0,1.0,1.0,1.0,1.0,365.0,185,0,0,-1.0,-1.0,-1.0,-1.0,-1.0,-1.0,-1.0,11,0.0,0,34,34,0.07414197904899274,241.0
0,11,1,1,0,0,0,0,0,0,0,0,0,0,0,0,0,1,0,1,1,0,0,0,0,0,1.0,1.0,1.0,1.0,365.0,187,0,0,-1.0,-1.0,-1.0,-1.0,-1.0,-1.0,-1.0,11,0.0,0,34,34,0.07882749104544526,241.0
0,11,1,1,0,0,0,0,0,0,0,0,0,0,0,0,0,1,0,1,1,0,0,0,0,0,1.0,1.0,1.0,1.0,365.0,190,0,0,-1.0,-1.0,-1.0,-1.0,-1.0,-1.0,-1.0,11,0.0,0,34,34,0.26077702693534827,241.0
0,11,1,1,0,0,0,0,0,0,0,0,0,0,0,0,0,1,0,1,1,0,0,0,0,0,1.0,1.0,1.0,1.0,365.0,187,0,0,-1.0,-1.0,-1.0,-1.0,-1.0,-1.0,-1.0,11,0.0,0,34,34,0.162139579305973,331.0
0,11,1,1,0,1,0,0,0,0,0,0,0,0,0,0,0,0,0,0,0,0,0,0,1,0,2.0,3.0,4.0,1.0,365.0,181,19,18,4.89,4.68,4.74,4.79,4.79,4.84,4.63,11,0.55,1,34,34,0.2802725301577672,431.0
0,5,1,1,0,0,0,0,0,0,0,0,1,0,0,0,0,0,0,1,0,0,0,0,0,0,1.0,1.0,1.0,5.0,365.0,334,27,10,4.85,4.93,4.74,4.93,5.0,4.96,4.89,5,0.77,1,111,34,1.590947989290758,75.6
0,5,1,1,0,0,0,0,0,0,0,0,1,0,0,0,0,0,0,1,0,0,0,0,0,0,1.0,1.0,1.0,5.0,365.0,334,49,130,4.92,4.88,4.73,4.84,4.94,4.86,4.84,5,1.39,1,111,34,1.5245562108318529,61.4
0,5,1,1,0,0,0,0,0,0,0,0,1,0,0,0,0,0,0,1,1,0,0,0,0,0,2.0,1.0,1.0,5.0,365.0,345,23,40,4.91,4.96,4.87,4.96,4.96,4.96,4.87,5,0.78,1,111,34,1.5347434570998106,71.8
1,3,1,1,0,0,0,0,1,0,0,0,0,0,0,0,0,0,0,0,0,0,1,0,0,0,1.0,2.0,2.0,1.0,1125.0,313,259,255,4.91,4.95,4.88,4.97,4.99,4.92,4.9,2,7.52,1,172,46,1.2779700487853811,287.0
1,1,1,1,0,0,0,0,1,0,0,0,0,0,0,0,0,0,0,0,1,0,0,0,0,0,1.0,1.0,1.0,1.0,1125.0,335,139,228,4.86,4.92,4.81,4.91,4.91,4.75,4.78,1,4.08,1,97,33,0.8095479594018726,184.0
1,1,1,1,0,0,0,0,1,0,0,0,0,0,0,0,0,0,0,0,0,0,1,0,0,0,1.0,2.0,2.0,3.0,365.0,164,28,42,4.93,4.93,5.0,4.93,4.96,4.82,4.82,1,0.84,1,67,33,3.645166409276517,160.17
1,16,1,1,0,0,0,0,0,0,0,0,1,0,0,0,0,0,0,1,1,0,0,0,0,0,4.0,1.0,1.0,1.0,1125.0,14,165,222,4.86,4.93,4.95,4.86,4.91,4.93,4.87,12,5.16,1,65,65,2.2642465395163507,90.0
1,1,1,1,0,0,0,0,1,0,0,0,0,0,0,0,0,0,0,0,1,0,0,0,0,0,1.0,2.0,3.0,1.0,1125.0,295,42,102,4.9,4.98,4.95,4.88,4.93,4.88,4.98,1,1.29,1,88,82,0.7685702864155005,177.0
0,1,1,1,0,0,0,0,1,0,0,0,0,0,0,0,0,0,0,0,0,0,1,0,0,0,1.0,2.0,4.0,2.0,28.0,107,7,12,4.43,4.43,4.43,4.43,4.71,4.14,4.29,1,0.22,1,112,32,1.195689316910425,208.5
1,1,1,1,0,0,0,0,1,0,0,0,0,0,0,0,0,0,0,0,0,0,0,0,0,0,1.0,1.0,1.0,1.0,4.0,69,43,144,4.86,4.86,4.81,4.86,4.95,4.95,4.74,1,1.47,1,117,30,1.2898408104734715,144.0
1,9,1,1,0,0,0,0,1,0,0,0,0,0,0,0,0,0,0,0,0,0,1,0,0,0,1.0,2.0,2.0,3.0,1125.0,264,37,114,4.89,4.86,4.95,4.89,4.97,4.84,4.89,9,1.13,1,104,103,2.9325539683987847,177.0
1,2,1,1,0,0,0,0,1,0,0,0,0,0,0,0,0,0,0,0,1,0,0,0,0,0,1.0,1.0,1.0,1.0,1125.0,253,59,144,4.93,4.86,4.86,4.93,4.9,4.78,4.88,2,1.82,1,34,32,1.977362262426761,161.0
1,1,1,1,0,0,1,0,0,0,0,0,0,0,0,0,0,0,0,0,0,0,0,0,1,0,2.0,3.0,3.0,2.0,1125.0,215,97,246,4.99,4.97,4.97,5.0,5.0,4.97,4.98,1,3.42,1,134,30,2.911053922100477,257.91
1,16,1,1,0,0,0,0,0,0,0,0,1,0,0,0,0,0,0,1,0,0,0,0,0,0,3.0,1.0,1.0,1.0,1125.0,18,75,66,4.88,4.81,4.92,4.87,4.87,4.85,4.84,12,2.35,1,65,65,2.2317563075002775,80.0
1,16,1,1,0,0,0,0,0,0,0,0,1,0,0,0,0,0,0,1,0,0,0,0,0,0,3.0,1.0,1.0,1.0,1125.0,10,113,252,4.89,4.88,4.93,4.87,4.91,4.93,4.87,12,3.55,1,65,65,2.200804154362741,84.0
1,16,1,1,0,0,0,0,0,0,0,0,1,0,0,0,0,0,0,1,1,0,0,0,0,0,1.0,1.0,1.0,1.0,1125.0,3,19,102,4.95,4.95,5.0,4.95,4.89,4.95,4.95,12,0.59,1,65,65,2.1529757968195513,73.0
1,16,1,1,0,0,0,0,0,0,0,0,1,0,0,0,0,0,0,1,0,0,0,0,0,0,3.0,1.0,1.0,1.0,1125.0,9,53,186,4.92,4.91,4.87,4.92,4.87,4.87,4.81,12,1.67,1,65,65,2.264146545210769,86.0
0,1,1,1,0,0,0,0,0,0,0,0,0,0,0,1,0,0,0,1,1,0,0,0,0,0,0.5,1.0,1.0,1.0,365.0,88,0,0,-1.0,-1.0,-1.0,-1.0,-1.0,-1.0,-1.0,1,0.0,0,98,91,1.7638943523509345,34.92
0,5,1,1,0,0,0,0,1,0,0,0,0,0,0,0,0,0,0,0,0,1,0,0,0,0,1.0,1.0,1.0,1.0,1125.0,58,62,126,4.66,4.71,4.56,4.71,4.76,4.74,4.68,5,1.95,1,129,42,0.9775162094022218,199.0
1,16,1,1,0,0,0,0,0,0,0,0,1,0,0,0,0,0,0,1,1,0,0,0,0,0,3.0,1.0,1.0,1.0,365.0,10,54,222,4.93,4.94,4.94,4.96,4.98,4.91,4.85,12,1.72,1,65,65,2.19588865994485,75.0
1,16,1,1,0,0,0,0,0,0,0,0,1,0,0,0,0,0,0,1,1,0,0,0,0,0,3.0,1.0,1.0,1.0,365.0,9,110,126,4.92,4.94,4.89,4.94,4.94,4.92,4.93,12,3.48,1,65,65,2.2576784005989947,86.0
0,20,1,1,0,0,0,0,1,0,0,0,0,0,0,0,0,0,0,0,1,0,0,0,0,0,1.0,1.0,1.0,1.0,1125.0,334,71,66,4.72,4.83,4.55,4.93,4.92,4.83,4.65,16,2.26,1,131,87,0.6887131608608841,164.0
1,8,1,1,0,0,0,0,1,0,0,0,0,0,0,0,0,0,0,0,1,0,0,0,0,0,1.0,1.0,1.0,1.0,14.0,231,219,255,4.71,4.83,4.81,4.89,4.87,4.04,4.63,8,7.12,1,89,31,2.113065584454351,123.0
0,17,1,1,0,0,0,0,1,0,0,0,0,0,0,0,0,0,0,0,0,1,0,0,0,0,1.0,1.0,1.0,1.0,365.0,190,30,54,4.53,4.7,4.5,4.3,4.73,4.23,4.43,16,0.96,1,127,64,0.9074178825892637,216.0
0,17,1,1,0,0,0,0,1,0,0,0,0,0,0,0,0,0,0,0,0,1,0,0,0,0,1.0,1.0,1.0,1.0,1125.0,1,37,48,4.59,4.81,4.83,4.72,4.78,4.28,4.75,16,1.19,1,127,64,0.947877488758032,216.0
1,1,0,1,0,0,0,0,1,0,0,0,0,0,0,0,0,0,0,0,0,0,1,0,0,0,1.0,2.0,2.0,1.0,1125.0,347,31,72,4.42,4.55,4.48,4.65,4.81,4.19,4.45,1,1.09,1,93,28,2.569428783116121,171.0
1,13,1,1,0,0,0,0,0,0,0,0,1,0,0,0,0,0,0,1,0,0,0,0,0,0,1.5,1.0,1.0,4.0,14.0,72,17,40,5.0,5.0,5.0,4.94,5.0,5.0,4.94,13,0.59,1,141,38,2.12822376733154,82.25
0,4,1,1,0,0,0,0,1,0,0,0,0,0,0,0,0,0,0,0,0,0,1,0,0,0,1.0,1.0,1.0,14.0,365.0,268,1,0,5.0,5.0,5.0,5.0,5.0,5.0,5.0,4,0.05,1,35,35,1.0060128132705508,88.07
1,17,1,1,0,0,0,0,1,0,0,0,0,0,0,0,0,0,0,0,1,0,0,0,0,0,1.5,1.0,1.0,2.0,365.0,77,98,192,4.84,4.92,4.95,4.93,4.9,4.38,4.81,14,3.5,1,89,85,2.1932370948444917,130.5
1,17,1,1,0,0,0,0,1,0,0,0,0,0,0,0,0,0,0,0,1,0,0,0,0,0,1.0,1.0,1.0,2.0,365.0,37,70,126,4.91,4.97,4.96,4.99,4.89,4.83,4.9,14,2.53,1,89,85,1.023643193251248,132.0
1,9,1,1,0,0,0,0,1,0,0,0,0,0,0,0,0,0,0,0,0,0,0,1,0,0,1.0,2.0,2.0,3.0,365.0,257,51,126,4.84,4.9,4.86,4.94,4.96,4.8,4.82,9,1.93,1,104,103,2.8838815984190784,147.59
0,20,1,1,0,0,0,0,1,0,0,0,0,0,0,0,0,0,0,0,1,0,0,0,0,0,1.0,1.0,1.0,1.0,1125.0,360,67,102,4.58,4.63,4.52,4.81,4.85,4.76,4.57,16,2.42,1,131,87,0.8501873830229266,181.0
1,16,1,1,0,0,0,0,0,0,0,0,1,0,0,0,0,0,0,1,1,0,0,0,0,0,3.0,1.0,1.0,1.0,1125.0,13,56,42,4.96,4.91,4.95,4.86,4.86,4.93,4.91,12,2.02,1,65,65,2.2706541152427033,97.0
0,2,1,1,0,0,0,0,1,0,0,0,0,0,0,0,0,0,0,0,0,0,0,1,0,0,1.0,1.0,2.0,2.0,365.0,189,27,90,4.48,4.89,4.37,4.78,4.89,4.59,4.67,2,0.99,1,58,27,2.0239036215703035,125.0
0,1,1,1,0,0,1,0,0,0,0,0,0,0,0,0,0,0,0,0,0,0,1,0,0,0,1.0,2.0,2.0,3.0,30.0,112,3,18,5.0,5.0,5.0,5.0,5.0,5.0,5.0,1,0.83,1,129,129,3.3936692424993447,118.33
1,4,1,1,0,0,0,0,1,0,0,0,0,0,0,0,0,0,0,0,1,0,0,0,0,0,1.0,1.0,2.0,1.0,365.0,266,30,90,4.93,4.93,4.9,4.93,5.0,4.87,4.83,2,1.12,1,46,46,1.1048256813155686,195.0
1,4,1,1,0,0,0,0,1,0,0,0,0,0,0,0,0,0,0,0,1,0,0,0,0,0,1.0,1.0,2.0,1.0,365.0,266,36,48,4.86,4.97,4.89,4.83,4.97,4.94,4.72,2,1.34,1,46,46,1.1035144938999268,210.0
0,3,1,1,0,0,0,0,1,0,0,0,0,0,0,0,0,0,0,0,1,0,0,0,0,0,1.0,1.0,1.0,2.0,365.0,161,6,0,3.83,4.0,4.17,4.83,4.67,4.5,3.83,2,0.22,1,172,67,1.006144321142487,313.5
1,3,1,1,0,0,0,0,0,1,0,0,0,0,0,0,0,0,0,0,0,0,1,0,0,0,1.0,2.0,2.0,2.0,365.0,293,89,234,4.82,4.89,4.81,4.91,4.88,4.79,4.83,3,3.38,1,150,43,4.1489814790671735,218.54
1,5,1,1,0,0,0,0,1,0,0,0,0,0,0,0,0,0,0,0,1,0,0,0,0,0,1.0,1.0,1.0,3.0,365.0,216,7,18,4.57,4.71,4.86,5.0,5.0,4.71,4.43,2,0.28,1,128,95,1.847190277459902,116.33
1,5,1,1,0,0,1,0,0,0,0,0,0,0,0,0,0,0,0,0,1,0,0,0,0,0,1.5,1.0,1.0,5.0,365.0,83,8,30,5.0,5.0,4.5,5.0,4.88,4.5,4.88,2,0.3,1,128,95,1.847190277459902,137.0
0,2,1,1,0,0,0,0,1,0,0,0,0,0,0,0,0,0,0,0,0,1,0,0,0,0,1.0,1.0,1.0,25.0,365.0,210,2,0,4.0,4.5,4.0,4.5,5.0,4.0,4.5,2,0.08,1,39,39,1.1940864138502145,85.6
1,1,1,1,0,0,0,0,1,0,0,0,0,0,0,0,0,0,0,0,0,0,1,0,0,0,1.0,2.0,2.0,1.0,120.0,328,122,255,4.98,4.99,4.99,4.97,4.98,4.9,4.95,1,5.41,1,53,22,3.8547639168774457,206.0
0,4,1,1,0,0,0,0,1,0,0,0,0,0,0,0,0,0,0,0,1,0,0,0,0,0,1.0,2.0,1.0,14.0,365.0,268,2,0,4.0,3.5,5.0,3.0,4.0,2.5,4.0,4,0.08,1,35,35,1.5054794288103677,90.07
1,21,1,1,0,0,0,0,0,0,0,0,1,0,0,0,0,0,0,1,0,0,0,0,0,0,1.0,1.0,1.0,6.0,365.0,364,0,0,-1.0,-1.0,-1.0,-1.0,-1.0,-1.0,-1.0,21,0.0,0,72,71,0.7496814561818347,78.17
1,1,0,1,0,0,0,0,1,0,0,0,0,0,0,0,0,0,0,0,1,0,0,0,0,0,1.0,1.0,2.0,2.0,1125.0,297,11,30,4.91,5.0,5.0,5.0,5.0,5.0,4.91,1,0.44,1,109,25,2.41668111556083,181.5
1,8,1,1,0,0,0,0,1,0,0,0,0,0,0,0,0,0,0,0,0,0,1,0,0,0,1.0,1.0,3.0,1.0,365.0,199,119,255,4.86,4.86,4.88,4.92,4.95,4.55,4.81,8,4.63,1,89,31,0.9328796439837939,157.0
1,8,1,1,0,0,0,0,1,0,0,0,0,0,0,0,0,0,0,0,0,0,1,0,0,0,1.0,1.0,3.0,2.0,365.0,112,102,180,4.71,4.76,4.81,4.86,4.91,4.44,4.71,8,3.95,1,89,31,0.8929840002824501,128.0
0,1,0,1,0,0,0,0,1,0,0,0,0,0,0,0,0,0,0,0,0,1,0,0,0,0,1.0,1.0,1.0,2.0,90.0,227,19,48,4.68,4.95,4.47,4.95,4.79,4.79,4.74,1,0.75,1,25,25,0.5948149371356142,164.0
0,17,1,1,0,0,0,0,1,0,0,0,0,0,0,0,0,0,0,0,0,1,0,0,0,0,1.0,1.0,1.0,1.0,365.0,309,16,12,4.38,4.63,4.63,4.69,4.31,4.56,4.25,16,0.67,1,127,64,1.405980295994959,216.0
1,17,1,1,0,0,0,0,1,0,0,0,0,0,0,0,0,0,0,0,0,0,1,0,0,0,2.0,2.0,2.0,2.0,365.0,93,79,174,4.9,4.92,4.92,4.96,4.86,4.81,4.85,14,3.21,1,89,85,1.0166460985430563,235.0
1,17,1,1,0,0,1,0,0,0,0,0,0,0,0,0,0,0,0,0,0,0,0,0,1,0,2.0,4.0,4.0,2.0,365.0,68,32,78,4.97,4.91,4.94,4.91,4.91,4.88,4.88,14,1.38,1,89,85,1.6077791675101076,399.5
0,5,1,1,0,0,0,0,1,0,0,0,0,0,0,0,0,0,0,0,1,0,0,0,0,0,1.0,1.0,1.0,1.0,1125.0,55,39,78,4.85,4.87,4.85,4.79,4.97,4.85,4.79,5,1.62,1,129,42,1.0889724460721562,200.0
0,5,1,1,0,0,0,0,1,0,0,0,0,0,0,0,0,0,0,0,1,0,0,0,0,0,1.0,1.0,1.0,1.0,1125.0,36,43,114,4.74,4.7,4.81,4.88,4.81,4.84,4.65,5,1.84,1,129,42,1.1209915541604216,277.0
0,5,1,1,0,0,0,0,1,0,0,0,0,0,0,0,0,0,0,0,1,0,0,0,0,0,1.0,1.0,1.0,1.0,1125.0,54,40,126,4.68,4.55,4.7,4.8,4.58,4.75,4.58,5,1.67,1,129,42,1.1834811258578233,187.0
1,1,1,1,0,0,0,0,1,0,0,0,0,0,0,0,0,0,0,0,0,1,0,0,0,0,1.0,1.0,2.0,1.0,1125.0,123,249,255,4.94,4.94,4.89,4.93,4.95,4.91,4.89,1,10.43,1,134,23,1.250953057132583,134.0
1,17,1,1,0,0,1,0,0,0,0,0,0,0,0,0,0,0,0,0,0,0,0,0,1,0,1.0,4.0,5.0,1.0,365.0,62,29,6,4.72,4.76,4.79,4.79,4.83,4.69,4.72,14,1.22,1,89,85,1.407540781295342,342.5
0,20,1,1,0,0,0,0,1,0,0,0,0,0,0,0,0,0,0,0,1,0,0,0,0,0,1.0,2.0,2.0,1.0,1125.0,349,50,156,4.84,4.86,4.72,4.9,4.96,4.82,4.7,16,2.35,1,131,87,0.6761876650142504,183.0
0,20,1,1,0,0,0,0,1,0,0,0,0,0,0,0,0,0,0,0,1,0,0,0,0,0,1.0,1.0,1.0,1.0,1125.0,320,56,126,4.79,4.91,4.71,4.95,4.91,4.79,4.71,16,2.39,1,131,87,1.3031929347374847,179.0
0,1183,1,1,0,0,0,0,0,0,0,0,0,0,0,0,0,0,0,0,1,0,0,0,0,0,1.0,1.0,1.0,5.0,1125.0,350,0,0,-1.0,-1.0,-1.0,-1.0,-1.0,-1.0,-1.0,4,0.0,0,110,108,0.9201171467708491,293.6
1,13,1,1,0,0,0,0,0,0,0,0,1,0,0,0,0,0,0,1,0,0,0,0,0,0,1.5,1.0,1.0,4.0,10.0,88,4,16,5.0,5.0,5.0,5.0,5.0,5.0,5.0,13,0.19,1,141,38,2.2003520764071918,97.0
0,6,0,1,0,0,0,0,0,0,0,0,1,0,0,0,0,0,0,1,1,0,0,0,0,0,1.0,1.0,1.0,1.0,365.0,350,0,0,-1.0,-1.0,-1.0,-1.0,-1.0,-1.0,-1.0,6,0.0,0,35,25,1.6080183690912653,86.0
1,4,1,1,0,0,0,0,1,0,0,0,0,0,0,0,0,0,0,0,0,0,0,1,0,0,1.0,3.0,3.0,3.0,300.0,348,15,48,5.0,4.93,4.93,5.0,4.93,4.73,4.93,3,0.7,1,125,123,1.4750340873097174,194.0
1,1,1,1,0,0,0,0,1,0,0,0,0,0,0,0,0,0,0,0,0,1,0,0,0,0,1.0,1.0,2.0,1.0,28.0,239,88,246,4.93,4.94,4.99,4.95,4.98,4.86,4.92,1,4.77,1,114,21,0.9465898989015388,253.0
1,8,1,1,0,0,0,0,1,0,0,0,0,0,0,0,0,0,0,0,0,0,1,0,0,0,1.0,1.0,3.0,1.0,365.0,217,116,255,4.8,4.82,4.92,4.89,4.92,4.53,4.83,8,5.39,1,89,31,0.9739237488113572,157.0
0,3,1,1,0,0,0,0,1,0,0,0,0,0,0,0,0,0,0,0,1,0,0,0,0,0,1.0,1.0,1.0,1.0,365.0,342,3,6,5.0,5.0,5.0,5.0,5.0,5.0,5.0,3,0.15,1,27,20,1.2703640522641886,192.5
0,1,1,1,0,0,0,0,0,0,0,0,0,1,0,0,0,0,0,1,0,0,0,0,0,0,1.0,1.0,1.0,1.0,365.0,361,40,36,4.8,4.75,4.85,4.78,4.8,4.43,4.88,1,1.91,1,22,21,2.234677912475834,69.0
0,1,1,1,0,0,1,0,0,0,0,0,0,0,0,0,0,0,0,0,0,0,0,0,1,0,2.0,3.0,2.0,4.0,1125.0,362,0,0,-1.0,-1.0,-1.0,-1.0,-1.0,-1.0,-1.0,1,0.0,0,131,106,1.865938458944748,312.5
1,21,1,1,0,0,0,0,0,0,0,0,1,0,0,0,0,0,0,1,0,0,0,0,0,0,1.5,1.0,1.0,21.0,365.0,358,1,0,5.0,5.0,5.0,5.0,5.0,5.0,5.0,21,0.05,1,72,71,1.6206222487170947,77.49
0,20,1,1,0,0,0,0,1,0,0,0,0,0,0,0,0,0,0,0,1,0,0,0,0,0,1.0,1.0,1.0,1.0,1125.0,331,26,96,4.58,4.62,4.42,4.65,4.77,4.65,4.5,16,1.26,1,131,87,0.6582560557114747,182.0
0,17,1,1,0,0,0,0,1,0,0,0,0,0,0,0,0,0,0,0,0,0,0,1,0,0,1.0,2.0,2.0,1.0,365.0,333,43,96,4.72,4.79,4.77,4.86,4.67,4.6,4.56,16,2.11,1,127,64,1.3728686131917274,263.0
0,3,1,1,0,0,0,0,1,0,0,0,0,0,0,0,0,0,0,0,1,0,0,0,0,0,1.0,1.0,1.0,1.0,365.0,246,6,0,4.83,5.0,5.0,4.83,5.0,4.83,4.67,3,0.3,1,27,20,1.322463388139638,149.5
1,1,1,1,0,0,0,0,1,0,0,0,0,0,0,0,0,0,0,0,1,0,0,0,0,0,1.0,1.0,1.0,1.0,1125.0,352,62,255,4.89,4.92,4.89,4.89,5.0,4.63,4.87,1,3.14,1,83,19,0.9306886907556445,145.0
0,10,1,1,0,0,1,0,0,0,0,0,0,0,0,0,0,0,0,0,0,0,1,0,0,0,1.0,2.0,1.0,1.0,365.0,336,1,6,5.0,5.0,5.0,5.0,5.0,4.0,5.0,8,0.46,1,133,126,0.9594588366438083,85.12
0,1,1,1,0,0,0,0,0,0,0,0,0,0,1,0,0,0,0,1,0,0,0,0,0,0,1.5,2.0,1.0,1.0,365.0,305,6,0,4.67,4.67,4.67,4.67,4.83,4.33,4.5,1,0.3,1,34,19,2.0471019271829753,52.0
0,1,0,1,0,0,1,0,0,0,0,0,0,0,0,0,0,0,0,0,0,0,1,0,0,0,1.0,2.0,2.0,1.0,7.0,177,5,12,3.8,3.4,4.6,4.4,4.8,3.2,4.0,1,0.29,1,19,17,3.4996356787824046,289.0
0,3,1,1,0,0,0,0,1,0,0,0,0,0,0,0,0,0,0,0,1,0,0,0,0,0,1.0,1.0,1.0,1.0,365.0,348,39,60,4.74,4.74,4.79,4.69,4.82,4.77,4.77,3,2.03,1,43,43,0.5739043666613245,206.0
1,6,1,1,0,0,0,0,1,0,0,0,0,0,0,0,0,0,0,0,0,0,1,0,0,0,1.0,2.0,2.0,13.0,1125.0,166,0,0,-1.0,-1.0,-1.0,-1.0,-1.0,-1.0,-1.0,6,0.0,0,71,70,2.3777859260545378,155.0
1,3,1,1,0,0,0,0,0,0,0,0,0,1,0,0,0,0,0,1,1,0,0,0,0,0,1.0,1.0,1.0,1.0,365.0,226,11,12,4.82,4.91,5.0,5.0,5.0,4.91,4.82,3,0.65,1,18,18,0.7015464520773318,63.0
1,3,1,1,0,0,0,0,0,0,0,0,0,1,0,0,0,0,0,1,1,0,0,0,0,0,1.0,1.0,1.0,1.0,365.0,306,124,255,4.9,4.9,4.82,4.93,4.96,4.65,4.89,3,6.61,1,18,18,0.5693346608306923,63.0
0,14,1,1,0,0,0,0,1,0,0,0,0,0,0,0,0,0,0,0,0,0,0,0,1,0,1.0,2.0,2.0,1.0,1125.0,350,58,222,4.57,4.62,4.71,4.81,4.71,4.24,4.57,11,3.27,1,128,92,2.4550365726149552,230.0
1,3,1,1,0,0,0,0,0,0,0,0,0,1,0,0,0,0,0,1,1,0,0,0,0,0,1.0,1.0,1.0,1.0,365.0,282,71,255,4.92,4.94,4.87,4.99,4.97,4.7,4.92,3,3.93,1,18,18,0.5893392281929861,66.0
0,1,1,1,0,0,0,0,1,0,0,0,0,0,0,0,0,0,0,0,0,0,0,0,1,0,1.0,3.0,3.0,2.0,1125.0,171,8,42,5.0,5.0,5.0,5.0,5.0,5.0,4.75,1,0.56,1,86,15,4.303567474871298,244.5
0,3,1,1,0,0,0,0,1,0,0,0,0,0,0,0,0,0,0,0,1,0,0,0,0,0,1.0,1.0,1.0,2.0,365.0,321,6,12,4.67,4.5,4.33,4.67,4.83,5.0,4.67,3,0.38,1,63,58,1.3196802522641493,160.5
1,4,1,1,0,0,0,0,1,0,0,0,0,0,0,0,0,0,0,0,1,0,0,0,0,0,1.0,1.0,1.0,1.0,1125.0,361,17,102,4.41,4.41,4.35,4.47,4.53,4.35,4.41,4,1.44,1,80,80,1.1439102311507316,158.33
1,3,1,1,0,0,1,0,0,0,0,0,0,0,0,0,0,0,0,0,0,0,0,0,1,0,1.5,3.0,3.0,1.0,365.0,337,82,255,4.9,4.95,4.98,4.99,4.96,4.88,4.85,3,5.06,1,150,43,4.105120001576996,370.88
0,2,1,1,0,0,1,0,0,0,0,0,0,0,0,0,0,0,0,0,0,0,0,1,0,0,1.0,3.0,3.0,1.0,200.0,319,8,30,4.13,4.25,4.63,4.13,4.75,4.38,4.0,1,0.59,1,21,19,1.7208500978715464,349.0
0,1,1,1,0,0,0,0,1,0,0,0,0,0,0,0,0,0,0,0,0,0,1,0,0,0,1.0,2.0,4.0,1.0,1125.0,318,57,255,4.65,4.8,4.71,4.82,4.88,4.14,4.64,1,3.74,1,23,15,1.7424484785106684,149.0
0,4,1,1,0,0,0,0,1,0,0,0,0,0,0,0,0,0,0,0,0,0,1,0,0,0,1.0,2.0,1.0,14.0,365.0,274,0,0,-1.0,-1.0,-1.0,-1.0,-1.0,-1.0,-1.0,4,0.0,0,35,35,1.4451896783511986,84.0
0,1183,1,1,0,0,1,0,0,0,0,0,0,0,0,0,0,0,0,0,0,0,0,0,1,0,1.0,3.0,3.0,2.0,1125.0,361,1,6,3.0,5.0,5.0,5.0,1.0,3.0,3.0,4,0.12,1,110,108,2.112233928803867,273.0
1,1,1,1,0,0,0,0,1,0,0,0,0,0,0,0,0,0,0,0,0,0,1,0,0,0,1.0,1.0,2.0,1.0,28.0,305,97,255,4.84,4.88,4.89,4.92,4.96,4.81,4.84,1,6.66,1,84,14,1.2761892087764832,132.0
0,1,1,1,0,0,1,0,0,0,0,0,0,0,0,0,0,0,0,0,0,0,0,1,0,0,2.5,3.0,3.0,7.0,30.0,68,3,28,5.0,5.0,5.0,5.0,5.0,5.0,5.0,1,0.23,1,64,14,3.6508800944937896,219.57
1,8,1,1,0,0,0,0,1,0,0,0,0,0,0,0,0,0,0,0,1,0,0,0,0,0,1.0,1.0,1.0,1.0,365.0,209,13,66,4.85,4.85,4.69,5.0,5.0,4.62,4.62,8,0.88,1,89,31,1.251796532414225,148.0
1,8,1,1,0,0,0,0,1,0,0,0,0,0,0,0,0,0,0,0,1,0,0,0,0,0,1.0,1.0,1.0,1.0,365.0,301,47,228,4.74,4.83,4.81,4.96,4.89,4.62,4.77,8,3.12,1,89,31,1.3998049086273057,148.0
0,42,1,1,0,0,0,0,1,0,0,0,0,0,0,0,0,0,0,0,0,1,0,0,0,0,1.0,1.0,2.0,1.0,21.0,363,17,66,4.06,3.82,3.94,4.24,4.41,4.18,3.88,29,1.15,1,47,14,2.7281584352531625,87.0
1,1,1,1,0,0,0,0,1,0,0,0,0,0,0,0,0,0,0,0,0,0,0,1,0,0,1.0,3.0,3.0,1.0,1125.0,356,62,255,4.98,4.98,5.0,5.0,5.0,5.0,4.97,1,5.31,1,20,11,1.8477807120277034,297.0
1,3,1,1,0,0,0,0,0,0,0,0,0,1,0,0,0,0,0,1,0,0,0,0,0,0,1.0,1.0,3.0,8.0,700.0,258,1,0,5.0,5.0,5.0,5.0,5.0,5.0,5.0,3,0.08,1,124,18,1.4826605468568193,54.86
0,42,1,1,0,0,0,0,1,0,0,0,0,0,0,0,0,0,0,0,1,0,0,0,0,0,1.0,1.0,1.0,1.0,21.0,363,12,60,4.83,4.83,5.0,5.0,5.0,4.5,4.75,29,0.84,1,47,14,2.052311919450226,88.0
1,3,1,1,0,0,0,0,0,0,0,0,1,0,0,0,0,0,0,1,0,0,0,0,0,0,1.0,1.0,3.0,7.0,700.0,271,5,42,5.0,4.8,5.0,5.0,4.8,4.6,4.6,3,0.36,1,124,18,1.5059389479520389,56.23
0,5,1,1,0,0,0,0,0,0,0,0,0,1,0,0,0,0,0,1,0,0,0,0,0,0,2.0,1.0,1.0,5.0,365.0,319,4,40,4.5,4.5,4.5,4.75,4.75,5.0,4.5,5,0.4,1,111,34,1.5510052865607202,57.2
0,10,1,1,0,0,1,0,0,0,0,0,0,0,0,0,0,0,0,0,0,0,0,1,0,0,1.0,4.0,4.0,14.0,365.0,359,2,56,4.0,4.0,4.0,4.5,4.5,3.0,4.5,8,0.17,1,133,126,0.6778983184265684,120.0
1,1,1,1,0,0,0,0,1,0,0,0,0,0,0,0,0,0,0,0,1,0,0,0,0,0,1.0,1.0,1.0,2.0,28.0,57,7,42,5.0,5.0,5.0,5.0,5.0,4.71,4.86,1,0.72,1,13,12,3.3325528144094307,159.0
1,4,1,1,0,0,0,0,1,0,0,0,0,0,0,0,0,0,0,0,0,0,0,0,1,0,1.0,3.0,3.0,2.0,365.0,350,4,24,5.0,5.0,5.0,5.0,5.0,4.75,5.0,3,0.36,1,125,123,1.4331405498003622,258.5
1,2,1,1,0,0,0,0,1,0,0,0,0,0,0,0,0,0,0,0,1,0,0,0,0,0,1.0,1.0,1.0,1.0,365.0,110,1,6,5.0,5.0,4.0,4.0,4.0,5.0,5.0,2,0.25,1,34,32,2.048948556420198,157.0
0,42,1,1,0,0,0,0,1,0,0,0,0,0,0,0,0,0,0,0,0,0,1,0,0,0,1.0,1.0,2.0,1.0,25.0,364,21,120,4.24,4.24,4.14,4.76,4.76,4.38,4.19,29,1.68,1,47,14,2.714810319364733,94.0
0,42,1,1,0,0,0,0,1,0,0,0,0,0,0,0,0,0,0,0,1,0,0,0,0,0,1.0,1.0,1.0,1.0,21.0,358,7,42,4.43,4.29,4.71,4.43,4.14,4.71,4.86,29,0.62,1,47,14,2.5735388439595352,85.0
1,2,1,1,0,0,0,0,1,0,0,0,0,0,0,0,0,0,0,0,1,0,0,0,0,0,1.0,1.0,1.0,2.0,30.0,243,29,174,4.86,4.86,4.79,4.93,4.9,4.76,4.83,2,2.43,1,101,12,0.8196136751293072,117.0
0,14,1,1,0,0,0,0,1,0,0,0,0,0,0,0,0,0,0,0,0,0,0,0,1,0,1.0,2.0,2.0,1.0,365.0,167,35,210,4.6,4.83,4.66,4.6,4.94,4.31,4.57,11,2.91,1,128,92,2.4133975381197237,242.0
0,1,1,1,0,0,0,0,0,0,0,0,0,1,0,0,0,0,0,1,0,0,0,0,0,0,1.0,1.0,1.0,3.0,365.0,365,2,12,2.5,3.0,3.0,2.5,3.5,3.5,2.5,1,0.17,1,21,20,0.6565397103903738,43.67
1,4,1,1,0,0,0,0,1,0,0,0,0,0,0,0,0,0,0,0,0,0,1,0,0,0,1.0,3.0,3.0,2.0,365.0,361,3,18,5.0,5.0,5.0,5.0,5.0,5.0,5.0,3,0.27,1,125,123,1.5660101357516953,220.0
0,14,1,1,0,0,0,0,1,0,0,0,0,0,0,0,0,0,0,0,0,0,0,1,0,0,1.0,2.0,2.0,1.0,365.0,353,15,90,4.73,4.8,4.73,5.0,4.93,4.6,4.73,11,1.3,1,128,92,2.2706283972766093,180.0
0,2,0,1,0,0,0,0,1,0,0,0,0,0,0,0,0,0,0,0,1,0,0,0,0,0,1.0,1.0,1.0,1.0,365.0,319,88,255,4.61,4.68,4.56,4.84,4.86,4.15,4.66,2,8.07,1,16,11,2.110694868241268,75.0
0,2,0,1,0,0,0,0,1,0,0,0,0,0,0,0,0,0,0,0,1,0,0,0,0,0,1.0,1.0,1.0,1.0,365.0,323,84,255,4.64,4.74,4.52,4.89,4.88,4.21,4.76,2,7.54,1,16,11,2.1100116504791036,75.0
0,42,1,1,0,0,0,0,1,0,0,0,0,0,0,0,0,0,0,0,1,0,0,0,0,0,1.0,1.0,1.0,1.0,22.0,365,3,18,3.67,4.33,3.0,4.67,4.67,3.67,3.33,29,0.28,1,47,14,2.018336485494691,83.0
0,42,1,1,0,0,0,0,1,0,0,0,0,0,0,0,0,0,0,0,1,0,0,0,0,0,1.0,1.0,1.0,1.0,21.0,363,15,90,4.53,4.6,4.27,4.73,4.73,4.6,4.47,29,1.35,1,47,14,2.033356132291373,90.0
0,42,1,1,0,0,0,0,1,0,0,0,0,0,0,0,0,0,0,0,1,0,0,0,0,0,1.0,1.0,1.0,1.0,21.0,361,21,126,4.38,4.43,4.52,4.76,4.67,4.43,4.48,29,1.81,1,47,14,2.0052201560706213,104.0
0,20,1,1,0,0,0,0,1,0,0,0,0,0,0,0,0,0,0,0,1,0,0,0,0,0,1.0,1.0,1.0,1.0,1125.0,353,7,42,4.57,4.43,4.71,5.0,4.86,4.29,4.57,16,0.62,1,131,87,1.5846473002383983,160.0
1,5,1,1,0,0,0,0,0,0,0,0,0,0,0,0,0,0,0,0,1,0,0,0,0,0,1.0,1.0,1.0,5.0,1125.0,300,24,240,4.83,4.75,4.75,4.71,4.96,4.83,4.79,5,2.14,1,69,11,2.277015473496896,81.4
1,3,1,1,0,0,0,0,1,0,0,0,0,0,0,0,0,0,0,0,0,0,1,0,0,0,1.0,2.0,1.0,1.0,29.0,83,17,102,4.94,4.94,4.94,5.0,5.0,4.59,5.0,3,1.54,1,83,73,2.218586192865245,309.0
1,2,1,1,0,0,0,0,0,0,0,0,0,0,0,0,0,0,0,0,0,0,1,0,0,0,1.0,2.0,2.0,1.0,365.0,322,52,255,4.75,4.85,4.9,4.83,4.9,4.5,4.77,2,4.8,1,98,11,2.1200896920161645,199.0
1,2,1,1,0,0,0,0,1,0,0,0,0,0,0,0,0,0,0,0,0,0,1,0,0,0,1.0,2.0,2.0,1.0,365.0,343,38,228,4.82,4.95,4.82,4.84,4.97,4.74,4.76,2,3.54,1,98,11,1.999460711432616,199.0
0,2,1,1,0,0,0,0,1,0,0,0,0,0,0,0,0,0,0,0,0,0,1,0,0,0,1.0,1.0,1.0,14.0,1125.0,350,0,0,-1.0,-1.0,-1.0,-1.0,-1.0,-1.0,-1.0,2,0.0,0,58,27,1.9402979433027734,132.71
0,42,1,1,0,0,0,0,1,0,0,0,0,0,0,0,0,0,0,0,1,0,0,0,0,0,1.0,1.0,2.0,1.0,21.0,360,6,36,4.5,4.5,4.5,4.83,4.5,4.5,4.67,29,0.63,1,47,14,2.0491148266379557,91.0
0,42,1,1,0,0,0,0,1,0,0,0,0,0,0,0,0,0,0,0,1,0,0,0,0,0,1.0,1.0,1.0,1.0,21.0,360,5,30,4.2,3.8,4.2,4.6,4.2,3.6,3.8,29,0.56,1,47,14,2.4971276360771255,97.0
0,3,1,1,0,0,0,0,1,0,0,0,0,0,0,0,0,0,0,0,1,0,0,0,0,0,1.0,1.0,1.0,2.0,365.0,290,2,12,4.0,4.5,4.5,3.5,4.5,3.5,3.5,3,0.49,1,27,20,1.1843959001360582,139.0
0,17,1,1,0,0,0,0,1,0,0,0,0,0,0,0,0,0,0,0,1,0,0,0,0,0,1.0,1.0,1.0,1.0,365.0,352,13,78,4.92,4.92,4.54,4.77,4.77,4.77,4.77,16,1.2,1,127,64,2.3412245169961157,171.5
1,13,1,1,0,0,0,0,0,0,0,0,1,0,0,0,0,0,0,1,0,0,0,0,0,0,1.0,1.0,1.0,4.0,100.0,50,2,16,5.0,5.0,5.0,5.0,5.0,5.0,5.0,13,0.19,1,141,38,1.1408288971027833,82.25
1,13,1,1,0,0,0,0,0,0,0,0,1,0,0,0,0,0,0,1,0,0,0,0,0,0,1.0,1.0,1.0,5.0,95.0,114,1,10,5.0,5.0,5.0,5.0,5.0,5.0,3.0,13,0.13,1,141,38,1.1515557536948768,77.6
1,13,1,1,0,0,0,0,0,0,0,0,1,0,0,0,0,0,0,1,0,0,0,0,0,0,1.0,1.0,1.0,21.0,100.0,36,2,84,5.0,5.0,5.0,5.0,5.0,5.0,5.0,13,0.36,1,141,38,1.2969156944872797,83.14
1,1,0,1,0,0,0,0,0,0,0,0,0,0,0,0,0,0,0,0,1,0,0,0,0,0,1.0,1.0,1.0,2.0,150.0,164,11,66,5.0,5.0,4.91,5.0,5.0,4.91,5.0,1,1.09,1,10,10,2.0492720157711113,120.0
1,7,1,1,0,0,0,0,1,0,0,0,0,0,0,0,0,0,0,0,1,0,0,0,0,0,1.0,1.0,1.0,1.0,365.0,345,36,216,4.97,5.0,4.94,4.94,5.0,4.78,4.89,7,3.75,1,142,142,0.9576869505795895,160.0
0,42,1,1,0,0,0,0,1,0,0,0,0,0,0,0,0,0,0,0,0,0,1,0,0,0,1.0,1.0,2.0,1.0,21.0,363,5,30,3.8,3.4,3.8,4.2,3.8,3.4,3.8,29,0.59,1,47,14,2.2394847869553973,88.0
0,42,1,1,0,0,0,0,1,0,0,0,0,0,0,0,0,0,0,0,1,0,0,0,0,0,1.0,1.0,1.0,1.0,21.0,359,2,12,4.0,4.0,4.5,4.5,5.0,4.0,4.0,29,0.23,1,47,14,1.9607854514437912,83.0
0,42,1,1,0,0,0,0,1,0,0,0,0,0,0,0,0,0,0,0,0,0,1,0,0,0,1.0,1.0,2.0,1.0,21.0,356,10,60,4.2,4.3,3.9,4.5,4.5,4.3,4.2,29,0.99,1,47,14,2.142517562879798,87.0
0,42,1,1,0,0,0,0,1,0,0,0,0,0,0,0,0,0,0,0,1,0,0,0,0,0,1.0,1.0,1.0,1.0,22.0,357,11,66,4.64,4.64,4.82,4.91,4.82,4.45,4.73,29,1.09,1,47,14,2.601692176945203,90.0
0,42,1,1,0,0,0,0,1,0,0,0,0,0,0,0,0,0,0,0,0,0,1,0,0,0,1.0,1.0,2.0,1.0,21.0,365,1,6,3.0,5.0,3.0,3.0,3.0,4.0,3.0,29,0.34,1,47,14,2.7196668970378166,92.0
0,42,1,1,0,0,0,0,1,0,0,0,0,0,0,0,0,0,0,0,0,0,1,0,0,0,1.0,1.0,2.0,1.0,21.0,362,4,24,3.25,3.25,3.25,3.75,4.0,3.5,3.25,29,0.41,1,47,14,2.6936963475419735,87.0
1,1,1,1,0,0,0,0,1,0,0,0,0,0,0,0,0,0,0,0,0,1,0,0,0,0,1.0,1.0,1.0,1.0,1125.0,166,47,255,4.87,4.89,4.81,4.91,4.96,4.77,4.85,1,5.2,1,113,9,0.9542604291468804,115.0
1,1,1,1,0,0,0,0,0,0,0,0,0,1,0,0,0,0,0,1,1,0,0,0,0,0,1.0,1.0,1.0,2.0,365.0,71,22,132,4.73,4.73,4.23,4.91,4.86,4.86,4.73,1,2.29,1,33,10,0.7415756032591626,67.0
0,1,1,1,0,0,0,0,0,0,0,0,1,0,0,0,0,0,0,1,0,0,0,0,0,0,1.0,1.0,1.0,1.0,90.0,136,3,18,5.0,5.0,5.0,5.0,5.0,4.33,5.0,1,0.33,1,119,9,2.0167763324401133,126.0
0,394,1,1,0,0,0,0,1,0,0,0,0,0,0,0,0,0,0,0,1,0,0,0,0,0,1.0,1.0,1.0,1.0,365.0,359,0,0,-1.0,-1.0,-1.0,-1.0,-1.0,-1.0,-1.0,6,0.0,0,63,57,1.0423861728461115,160.0
0,394,1,1,0,0,0,0,1,0,0,0,0,0,0,0,0,0,0,0,0,1,0,0,0,0,1.0,1.0,1.0,2.0,365.0,135,1,6,5.0,5.0,5.0,5.0,5.0,5.0,5.0,6,0.36,1,63,57,2.653552084584674,173.7
0,394,1,1,0,0,1,0,0,0,0,0,0,0,0,0,0,0,0,0,0,1,0,0,0,0,1.0,1.0,1.0,2.0,365.0,358,0,0,-1.0,-1.0,-1.0,-1.0,-1.0,-1.0,-1.0,6,0.0,0,63,57,0.946286594901451,127.5
0,394,1,1,0,0,1,0,0,0,0,0,0,0,0,0,0,0,0,0,1,0,0,0,0,0,1.0,1.0,1.0,2.0,365.0,359,1,6,5.0,4.0,5.0,5.0,5.0,5.0,3.0,6,0.3,1,63,57,1.108548534460502,116.0
0,394,1,1,0,0,0,0,1,0,0,0,0,0,0,0,0,0,0,0,1,0,0,0,0,0,1.0,1.0,1.0,2.0,365.0,361,0,0,-1.0,-1.0,-1.0,-1.0,-1.0,-1.0,-1.0,6,0.0,0,63,57,1.1005981681582804,136.5
0,394,1,1,0,0,0,0,1,0,0,0,0,0,0,0,0,0,0,0,0,1,0,0,0,0,1.0,1.0,1.0,2.0,365.0,358,0,0,-1.0,-1.0,-1.0,-1.0,-1.0,-1.0,-1.0,6,0.0,0,63,57,1.3212573421107037,213.0
0,12,1,1,0,0,0,0,1,0,0,0,0,0,0,0,0,0,0,0,0,0,0,0,1,0,1.0,3.0,3.0,7.0,365.0,339,1,14,5.0,5.0,5.0,5.0,5.0,5.0,5.0,11,0.17,1,97,83,0.936820427426875,193.23
0,42,1,1,0,0,0,0,1,0,0,0,0,0,0,0,0,0,0,0,1,0,0,0,0,0,1.0,1.0,1.0,1.0,21.0,365,5,30,4.6,5.0,4.6,4.8,5.0,4.6,4.8,29,0.6,1,47,14,2.677508155301923,102.0
0,20,1,1,0,0,0,0,1,0,0,0,0,0,0,0,0,0,0,0,1,0,0,0,0,0,1.0,1.0,1.0,1.0,1125.0,329,13,78,4.85,4.85,4.69,4.92,5.0,4.77,4.77,16,1.78,1,131,87,0.7119990121656992,143.0
0,2,0,1,0,0,0,0,1,0,0,0,0,0,0,0,0,0,0,0,1,0,0,0,0,0,1.0,1.0,1.0,1.0,365.0,330,3,18,4.67,5.0,4.67,5.0,5.0,5.0,4.67,2,0.38,1,11,7,0.8906182871217467,234.0
0,2,1,1,0,0,0,0,0,0,0,0,0,1,0,0,0,0,0,1,1,0,0,0,0,0,1.0,1.0,1.0,1.0,363.0,125,0,0,-1.0,-1.0,-1.0,-1.0,-1.0,-1.0,-1.0,2,0.0,0,45,8,1.4283172253465153,106.0
0,20,1,1,0,0,0,0,1,0,0,0,0,0,0,0,0,0,0,0,0,0,1,0,0,0,1.0,2.0,2.0,1.0,1125.0,324,27,162,4.96,4.96,4.81,4.96,5.0,4.85,4.89,16,3.25,1,131,87,0.5865523766647847,210.0
1,4,1,1,0,0,1,0,0,0,0,0,0,0,0,0,0,0,0,0,0,0,0,1,0,0,1.0,2.0,2.0,1.0,365.0,282,53,255,5.0,5.0,4.96,5.0,5.0,4.91,5.0,1,6.6,1,145,94,2.232288355190808,185.0
1,1,1,1,0,0,0,0,0,0,0,0,1,0,0,0,0,0,0,1,0,0,1,0,0,0,1.0,2.0,2.0,1.0,365.0,323,12,72,4.75,4.92,4.92,5.0,5.0,4.83,4.83,1,1.49,1,75,8,1.8133021346802798,109.0
0,2,1,1,0,0,0,0,0,0,0,0,0,1,0,0,0,0,0,1,1,0,0,0,0,0,1.0,1.0,1.0,1.0,365.0,313,1,6,5.0,4.0,4.0,3.0,5.0,5.0,5.0,2,1.0,1,45,8,1.3085726254661634,88.56
0,42,1,1,0,0,0,0,1,0,0,0,0,0,0,0,0,0,0,0,0,0,1,0,0,0,1.0,1.0,2.0,1.0,21.0,351,12,72,4.33,4.17,4.17,4.33,4.58,4.17,4.42,29,1.65,1,47,14,2.5006147626899224,115.0
0,42,1,1,0,0,0,0,1,0,0,0,0,0,0,0,0,0,0,0,0,0,1,0,0,0,1.0,1.0,2.0,1.0,21.0,354,3,18,4.0,4.67,4.67,4.67,4.33,4.33,4.33,29,0.43,1,47,14,2.5092069626290807,105.0
0,3,0,1,0,0,0,0,1,0,0,0,0,0,0,0,0,0,0,0,1,0,0,0,0,0,1.0,2.0,2.0,1.0,365.0,351,0,0,-1.0,-1.0,-1.0,-1.0,-1.0,-1.0,-1.0,1,0.0,0,49,45,2.728573424690915,82.16
0,2,1,1,0,0,0,0,1,0,0,0,0,0,0,0,0,0,0,0,0,0,1,0,0,0,1.0,2.0,2.0,1.0,28.0,349,13,78,5.0,5.0,5.0,5.0,5.0,5.0,5.0,2,3.94,1,114,13,2.1520684301020148,253.0
1,7,1,1,0,0,0,0,1,0,0,0,0,0,0,0,0,0,0,0,1,0,0,0,0,0,1.0,1.0,1.0,1.0,1125.0,341,19,114,4.68,4.74,5.0,4.58,5.0,4.47,4.68,7,3.73,1,142,142,0.9354000196463852,119.0
0,42,1,1,0,0,0,0,1,0,0,0,0,0,0,0,0,0,0,0,0,0,1,0,0,0,1.0,1.0,2.0,1.0,21.0,365,4,24,3.5,3.0,3.0,3.75,3.0,3.0,3.25,29,0.58,1,47,14,2.480930819086537,95.0
0,1,1,1,0,0,0,0,1,0,0,0,0,0,0,0,0,0,0,0,1,0,0,0,0,0,1.0,2.0,2.0,1.0,365.0,46,3,18,5.0,5.0,5.0,5.0,5.0,5.0,5.0,1,0.44,1,80,6,1.1044523203285812,177.0
0,12,1,1,0,0,0,0,1,0,0,0,0,0,0,0,0,0,0,0,0,0,0,0,1,0,1.0,3.0,3.0,14.0,365.0,357,1,28,5.0,5.0,5.0,5.0,5.0,5.0,5.0,11,0.44,1,97,83,0.9762601436113757,158.59
0,2,0,1,0,0,0,0,1,0,0,0,0,0,0,0,0,0,0,0,1,0,0,0,0,0,1.0,1.0,1.0,2.0,365.0,288,4,24,4.0,3.75,4.0,3.75,4.0,3.75,4.0,2,0.86,1,11,7,0.7941733829420463,148.5
0,42,1,1,0,0,0,0,1,0,0,0,0,0,0,0,0,0,0,0,1,0,0,0,0,0,1.0,1.0,1.0,1.0,21.0,362,14,84,4.21,4.14,3.93,4.29,4.43,4.21,4.21,29,2.88,1,47,14,2.659911925156206,85.0
1,8,1,1,0,0,0,0,1,0,0,0,0,0,0,0,0,0,0,0,0,1,0,0,0,0,1.0,1.0,3.0,1.0,365.0,26,1,6,5.0,5.0,5.0,5.0,5.0,5.0,5.0,8,1.0,1,89,31,1.0026114763405634,126.0
1,4,1,1,0,0,0,0,0,0,0,0,1,0,0,0,0,0,0,1,0,0,0,0,0,0,3.0,8.0,1.0,1.0,365.0,67,3,18,5.0,5.0,5.0,5.0,5.0,4.67,5.0,3,0.49,1,58,27,1.901115731946835,77.11
1,4,1,1,0,0,0,0,0,0,0,0,1,0,0,0,0,0,0,1,0,0,0,0,0,0,1.0,4.0,1.0,7.0,365.0,189,4,56,4.75,4.75,5.0,5.0,5.0,5.0,4.75,3,0.83,1,58,27,0.9206806350977598,63.05
0,42,1,1,0,0,0,0,1,0,0,0,0,0,0,0,0,0,0,0,1,0,0,0,0,0,1.0,1.0,1.0,1.0,21.0,362,5,30,4.2,4.2,4.2,4.2,4.2,4.2,4.2,29,1.47,1,47,14,2.624894064958011,99.0
0,42,1,1,0,0,0,0,1,0,0,0,0,0,0,0,0,0,0,0,1,0,0,0,0,0,1.0,1.0,1.0,1.0,21.0,362,9,54,4.0,4.0,4.33,4.0,4.0,4.0,4.11,29,1.8,1,47,14,2.4903033389581855,91.0
0,4,1,1,0,0,1,0,0,0,0,0,0,0,0,0,0,0,0,0,1,0,0,0,0,0,1.0,1.0,1.0,1.0,365.0,11,14,84,4.86,5.0,5.0,4.93,5.0,4.79,4.79,1,3.44,1,123,94,1.9676988469691599,190.0
0,1,0,1,0,0,0,0,0,1,0,0,0,0,0,0,0,0,0,0,0,0,0,0,1,0,1.0,1.0,6.0,1.0,365.0,340,2,12,4.5,5.0,5.0,4.5,5.0,5.0,5.0,1,1.87,1,5,4,1.9227329069994552,115.0
0,17,1,1,0,0,0,0,1,0,0,0,0,0,0,0,0,0,0,0,0,0,0,1,0,0,1.5,2.0,2.0,1.0,365.0,344,6,36,4.33,4.67,4.17,4.5,4.17,4.83,4.5,16,1.57,1,127,64,1.269084035024427,269.0
0,1,1,1,0,0,1,0,0,0,0,0,0,0,0,0,0,0,0,0,0,0,1,0,0,0,1.0,2.0,2.0,2.0,365.0,166,5,30,5.0,5.0,5.0,5.0,5.0,5.0,5.0,1,1.23,1,120,4,3.0011828357405115,208.5
0,5,1,1,0,0,0,0,1,0,0,0,0,0,0,0,0,0,0,0,1,0,0,0,0,0,1.0,1.0,1.0,1.0,365.0,361,11,66,4.45,4.27,4.45,4.18,4.45,4.64,4.27,5,2.32,1,129,42,1.3055505003566423,185.0
0,42,1,1,0,0,0,0,1,0,0,0,0,0,0,0,0,0,0,0,1,0,0,0,0,0,1.0,1.0,1.0,1.0,365.0,365,1,6,3.0,3.0,4.0,4.0,4.0,4.0,4.0,29,0.25,1,47,14,2.682881974501079,83.0
0,42,1,1,0,0,0,0,1,0,0,0,0,0,0,0,0,0,0,0,1,0,0,0,0,0,1.0,1.0,1.0,1.0,21.0,348,1,6,1.0,1.0,1.0,1.0,1.0,4.0,1.0,29,0.57,1,47,14,2.651278769688926,114.0
0,42,1,1,0,0,0,0,1,0,0,0,0,0,0,0,0,0,0,0,1,0,0,0,0,0,1.0,1.0,1.0,1.0,21.0,364,1,6,1.0,1.0,4.0,5.0,3.0,1.0,2.0,29,0.42,1,47,14,2.7182047190147345,81.0
1,2,1,1,0,0,1,0,0,0,0,0,0,0,0,0,0,0,0,0,0,0,0,0,1,0,1.0,2.0,3.0,1.0,365.0,119,12,72,4.83,5.0,4.92,5.0,5.0,4.08,4.75,1,3.6,1,14,14,2.1544108391290773,147.78
1,7,1,1,0,0,0,0,1,0,0,0,0,0,0,0,0,0,0,0,1,0,0,0,0,0,1.0,1.0,1.0,1.0,1125.0,343,22,132,4.91,4.95,5.0,4.95,5.0,4.77,4.91,7,5.41,1,142,142,0.9652602241955544,164.0
0,4,0,1,0,0,0,0,0,0,0,0,1,0,0,0,0,0,0,1,1,0,0,0,0,0,1.5,1.0,2.0,1.0,365.0,339,5,30,4.8,4.8,5.0,4.8,5.0,5.0,4.8,4,1.3,1,4,4,0.7604245572760413,71.0
1,21,1,1,0,0,0,0,0,0,0,0,1,0,0,0,0,0,0,1,0,0,0,0,0,0,2.0,1.0,1.0,21.0,365.0,319,0,0,-1.0,-1.0,-1.0,-1.0,-1.0,-1.0,-1.0,21,0.0,0,72,71,1.0247104979214705,77.49
0,4,0,1,0,0,1,0,0,0,0,0,0,0,0,0,0,0,0,0,0,0,0,0,1,0,1.5,3.0,4.0,1.0,365.0,334,10,60,4.9,4.9,4.8,4.7,4.8,4.6,4.9,4,3.75,1,4,4,1.00344892520614,226.0
0,4,0,1,0,0,0,0,0,0,0,0,1,0,0,0,0,0,0,1,1,0,0,0,0,0,1.5,1.0,1.0,1.0,365.0,335,2,12,4.5,4.5,5.0,5.0,5.0,4.5,4.5,4,0.64,1,4,4,0.9109017912600446,71.0
0,4,0,1,0,0,0,0,0,0,0,0,1,0,0,0,0,0,0,1,1,0,0,0,0,0,1.5,1.0,2.0,1.0,1125.0,341,5,30,3.8,4.6,4.8,3.6,3.4,4.6,4.4,4,1.46,1,4,4,0.9148549194343129,71.0
0,2,1,1,0,0,0,0,1,0,0,0,0,0,0,0,0,0,0,0,0,0,0,0,1,0,2.0,3.0,3.0,1.0,1125.0,353,2,12,4.5,5.0,5.0,5.0,5.0,4.5,5.0,2,0.64,1,126,79,1.3188466196986843,320.0
1,5,1,1,0,0,0,0,1,0,0,0,0,0,0,0,0,0,0,0,0,0,0,0,1,0,1.0,3.0,3.0,5.0,365.0,299,3,30,4.33,3.67,4.67,5.0,3.67,5.0,4.0,5,0.95,1,69,11,2.2007260339401387,158.4
0,3,1,1,0,0,0,0,1,0,0,0,0,0,0,0,0,0,0,0,1,0,0,0,0,0,1.0,1.0,1.0,1.0,365.0,347,6,36,4.67,4.67,4.67,4.67,4.83,4.33,4.33,3,2.07,1,43,43,0.39837167314757227,225.0
1,5,1,1,0,0,0,0,0,0,0,0,0,1,0,0,0,0,0,1,1,0,0,0,0,0,1.0,1.0,1.0,5.0,365.0,343,0,0,-1.0,-1.0,-1.0,-1.0,-1.0,-1.0,-1.0,5,0.0,0,69,11,2.205462761876546,50.03
1,5,1,1,0,0,0,0,0,0,0,0,0,1,0,0,0,0,0,1,1,0,0,0,0,0,1.0,1.0,1.0,5.0,365.0,310,1,10,5.0,5.0,5.0,5.0,5.0,5.0,5.0,5,0.61,1,69,11,2.305416988534834,46.93
1,5,1,1,0,0,0,0,0,0,0,0,0,1,0,0,0,0,0,1,1,0,0,0,0,0,1.0,1.0,1.0,5.0,365.0,299,3,30,5.0,5.0,5.0,5.0,5.0,5.0,5.0,5,1.32,1,69,11,2.244740536941234,69.4
0,1,1,1,0,0,0,0,1,0,0,0,0,0,0,0,0,0,0,0,0,0,1,0,0,0,1.0,2.0,1.0,2.0,365.0,349,8,48,4.88,4.88,4.88,5.0,5.0,5.0,5.0,1,3.04,1,75,3,1.028840794478651,149.5
0,93,1,1,0,0,0,0,0,0,0,0,0,0,0,0,0,1,1,0,0,0,1,0,0,0,1.0,1.0,2.0,1.0,365.0,313,0,0,-1.0,-1.0,-1.0,-1.0,-1.0,-1.0,-1.0,8,0.0,0,11,9,2.5098579851963323,124.0
0,93,1,1,0,0,0,0,0,0,0,0,0,0,0,0,0,1,1,0,0,0,1,0,0,0,1.0,1.0,2.0,1.0,365.0,313,0,0,-1.0,-1.0,-1.0,-1.0,-1.0,-1.0,-1.0,8,0.0,0,11,9,2.5098579851963323,124.0
0,93,1,1,0,0,0,0,0,0,0,0,0,0,0,0,0,1,1,0,1,0,0,0,0,0,1.0,1.0,1.0,1.0,365.0,316,0,0,-1.0,-1.0,-1.0,-1.0,-1.0,-1.0,-1.0,8,0.0,0,11,9,2.5098579851963323,124.0
0,93,1,1,0,0,0,0,0,0,0,0,0,0,0,0,0,1,1,0,1,0,0,0,0,0,1.0,1.0,1.0,1.0,365.0,316,0,0,-1.0,-1.0,-1.0,-1.0,-1.0,-1.0,-1.0,8,0.0,0,11,9,2.5098579851963323,124.0
1,10,1,1,0,0,0,0,1,0,0,0,0,0,0,0,0,0,0,0,0,0,0,1,0,0,1.0,2.0,3.0,3.0,365.0,331,6,36,5.0,5.0,5.0,5.0,5.0,5.0,5.0,2,2.31,1,94,35,0.8186412582820004,132.67
0,20,1,1,0,0,0,0,1,0,0,0,0,0,0,0,0,0,0,0,1,0,0,0,0,0,1.0,1.0,1.0,1.0,1125.0,336,6,36,5.0,5.0,4.83,5.0,5.0,5.0,5.0,16,2.65,1,131,87,0.6876649557971339,166.0
0,1,1,1,0,0,1,0,0,0,0,0,0,0,0,0,0,0,0,0,0,0,0,1,0,0,1.0,3.0,3.0,1.0,365.0,13,6,36,5.0,5.0,5.0,5.0,5.0,4.83,5.0,1,2.77,1,66,2,0.368082293691127,160.0
1,10,1,1,0,0,0,0,1,0,0,0,0,0,0,0,0,0,0,0,0,0,0,1,0,0,1.0,2.0,3.0,3.0,365.0,335,5,30,4.8,5.0,4.4,4.6,4.8,4.6,4.4,2,2.68,1,94,35,0.8506540654425035,131.67
0,1,1,1,0,0,0,0,1,0,0,0,0,0,0,0,0,0,0,0,0,0,1,0,0,0,1.0,1.0,1.0,1.0,365.0,315,14,84,4.93,4.93,4.93,4.93,5.0,4.86,5.0,1,7.12,1,2,2,1.1042297259180973,125.0
0,42,1,1,0,0,0,0,1,0,0,0,0,0,0,0,0,0,0,0,1,0,0,0,0,0,1.0,1.0,1.0,1.0,21.0,365,1,6,5.0,5.0,5.0,5.0,5.0,5.0,5.0,29,1.0,1,47,14,2.754512076552084,89.0
1,8,1,1,0,0,0,0,1,0,0,0,0,0,0,0,0,0,0,0,1,0,0,0,0,0,1.0,1.0,1.0,2.0,365.0,244,4,24,5.0,5.0,5.0,5.0,5.0,5.0,5.0,8,2.73,1,89,31,0.833266740232389,123.5
0,20,1,1,0,0,0,0,1,0,0,0,0,0,0,0,0,0,0,0,1,0,0,0,0,0,1.0,1.0,1.0,1.0,365.0,351,1,6,5.0,5.0,5.0,5.0,5.0,5.0,5.0,16,1.0,1,131,87,0.6876649557971339,208.0
0,1,0,1,0,0,0,0,1,0,0,0,0,0,0,0,0,0,0,0,0,0,1,0,0,0,1.0,2.0,2.0,1.0,365.0,362,2,12,4.5,4.5,5.0,5.0,5.0,3.5,4.5,1,2.0,1,1,1,2.6417573380783033,224.0
0,42,1,1,0,0,0,0,1,0,0,0,0,0,0,0,0,0,0,0,1,0,0,0,0,0,1.0,1.0,1.0,1.0,21.0,362,3,18,4.33,4.33,4.0,5.0,5.0,4.0,4.33,29,2.73,1,47,14,2.5110718201911455,96.0
0,42,1,1,0,0,0,0,1,0,0,0,0,0,0,0,0,0,0,0,1,0,0,0,0,0,1.0,1.0,1.0,1.0,21.0,364,1,6,5.0,5.0,5.0,5.0,5.0,5.0,5.0,29,1.0,1,47,14,2.64341898159015,97.0
0,42,1,1,0,0,0,0,1,0,0,0,0,0,0,0,0,0,0,0,1,0,0,0,0,0,1.0,1.0,1.0,1.0,21.0,358,0,0,-1.0,-1.0,-1.0,-1.0,-1.0,-1.0,-1.0,29,0.0,0,47,14,2.5248820488097126,91.0
0,2,1,1,0,0,0,0,1,0,0,0,0,0,0,0,0,0,0,0,0,0,1,0,0,0,1.0,1.0,2.0,1.0,28.0,361,0,0,-1.0,-1.0,-1.0,-1.0,-1.0,-1.0,-1.0,2,0.0,0,114,13,2.15192534890814,200.16
1,2,1,1,0,0,0,0,1,0,0,0,0,0,0,0,0,0,0,0,0,1,0,0,0,0,1.0,2.0,2.0,1.0,30.0,209,4,24,4.75,5.0,4.75,5.0,5.0,4.75,5.0,2,3.64,1,101,12,0.9399097117901068,206.0
0,2,1,1,0,0,0,0,1,0,0,0,0,0,0,0,0,0,0,0,0,0,1,0,0,0,1.0,1.0,2.0,1.0,365.0,193,0,0,-1.0,-1.0,-1.0,-1.0,-1.0,-1.0,-1.0,2,0.0,0,37,37,0.2699566313056561,149.0
1,11,1,1,0,0,0,0,1,0,0,0,0,0,0,0,0,0,0,0,1,0,0,0,0,0,1.0,1.0,1.0,1.0,365.0,319,0,0,-1.0,-1.0,-1.0,-1.0,-1.0,-1.0,-1.0,1,0.0,0,166,130,1.33086642272019,213.0
0,6,0,1,0,0,0,0,0,0,0,0,0,1,0,0,0,0,0,1,0,0,0,0,0,0,2.0,1.0,1.0,2.0,365.0,359,0,0,-1.0,-1.0,-1.0,-1.0,-1.0,-1.0,-1.0,6,0.0,0,35,25,0.5840805542920947,114.5
0,6,0,1,0,0,0,0,0,0,0,0,0,1,0,0,0,0,0,1,0,0,0,0,0,0,2.0,2.0,1.0,2.0,365.0,362,0,0,-1.0,-1.0,-1.0,-1.0,-1.0,-1.0,-1.0,6,0.0,0,35,25,0.5840805542920947,86.0
