fold,degree,l2_lambda,log_target,n_train,n_val,n_features_expandidas,mae_train,rmse_train,r2_train,mae_val,rmse_val,r2_val,diverged,diverged_epoch,outlier_strategy
1,1,0.5,True,18060,4515,4,80.08408940819191,348.6970421011507,0.10798520294616532,86.40481822763373,409.48574683054096,0.03910136659214325,False,,none
2,1,0.5,True,18060,4515,4,82.28181138694809,374.6128962949114,0.08695964850712112,77.10983414137294,303.0867260653001,0.12469599430730816,False,,none
3,1,0.5,True,18060,4515,4,82.47292187271741,382.93766027328445,0.08337561432254192,77.26950797136463,263.10476458625396,0.132973495558941,False,,none
4,1,0.5,True,18060,4515,4,80.72362742573763,338.4374051659572,0.08793390979241289,85.1492835105024,446.90491544555874,0.08146101837212516,False,,none
5,1,0.5,True,18060,4515,4,81.01475761628029,362.0544438244176,0.09096460409328899,81.40973517058336,358.63242909004225,0.10042186176889678,False,,none
1,1,0.5,True,18060,4515,4,80.08408940819191,348.6970421011507,0.10798520294616532,86.40481822763373,409.48574683054096,0.03910136659214325,False,,none
2,1,0.5,True,18060,4515,4,82.28181138694809,374.6128962949114,0.08695964850712112,77.10983414137294,303.0867260653001,0.12469599430730816,False,,none
3,1,0.5,True,18060,4515,4,82.47292187271741,382.93766027328445,0.08337561432254192,77.26950797136463,263.10476458625396,0.132973495558941,False,,none
4,1,0.5,True,18060,4515,4,80.72362742573763,338.4374051659572,0.08793390979241289,85.1492835105024,446.90491544555874,0.08146101837212516,False,,none
5,1,0.5,True,18060,4515,4,81.01475761628029,362.0544438244176,0.09096460409328899,81.40973517058336,358.63242909004225,0.10042186176889678,False,,none
1,1,0.5,True,18060,4515,4,80.08408940819191,348.6970421011507,0.10798520294616532,86.40481822763373,409.48574683054096,0.03910136659214325,False,,none
2,1,0.5,True,18060,4515,4,82.28181138694809,374.6128962949114,0.08695964850712112,77.10983414137294,303.0867260653001,0.12469599430730816,False,,none
3,1,0.5,True,18060,4515,4,82.47292187271741,382.93766027328445,0.08337561432254192,77.26950797136463,263.10476458625396,0.132973495558941,False,,none
4,1,0.5,True,18060,4515,4,80.72362742573763,338.4374051659572,0.08793390979241289,85.1492835105024,446.90491544555874,0.08146101837212516,False,,none
5,1,0.5,True,18060,4515,4,81.01475761628029,362.0544438244176,0.09096460409328899,81.40973517058336,358.63242909004225,0.10042186176889678,False,,none
1,1,0.5,True,18060,4515,4,80.08408940819191,348.6970421011507,0.10798520294616532,86.40481822763373,409.48574683054096,0.03910136659214325,False,,none
2,1,0.5,True,18060,4515,4,82.28181138694809,374.6128962949114,0.08695964850712112,77.10983414137294,303.0867260653001,0.12469599430730816,False,,none
3,1,0.5,True,18060,4515,4,82.47292187271741,382.93766027328445,0.08337561432254192,77.26950797136463,263.10476458625396,0.132973495558941,False,,none
4,1,0.5,True,18060,4515,4,80.72362742573763,338.4374051659572,0.08793390979241289,85.1492835105024,446.90491544555874,0.08146101837212516,False,,none
5,1,0.5,True,18060,4515,4,81.01475761628029,362.0544438244176,0.09096460409328899,81.40973517058336,358.63242909004225,0.10042186176889678,False,,none
1,1,0.5,True,18060,4515,4,80.08408940819191,348.6970421011507,0.10798520294616532,86.40481822763373,409.48574683054096,0.03910136659214325,False,,none
2,1,0.5,True,18060,4515,4,82.28181138694809,374.6128962949114,0.08695964850712112,77.10983414137294,303.0867260653001,0.12469599430730816,False,,none
3,1,0.5,True,18060,4515,4,82.47292187271741,382.93766027328445,0.08337561432254192,77.26950797136463,263.10476458625396,0.132973495558941,False,,none
4,1,0.5,True,18060,4515,4,80.72362742573763,338.4374051659572,0.08793390979241289,85.1492835105024,446.90491544555874,0.08146101837212516,False,,none
5,1,0.5,True,18060,4515,4,81.01475761628029,362.0544438244176,0.09096460409328899,81.40973517058336,358.63242909004225,0.10042186176889678,False,,none
1,1,0.5,True,18060,4515,4,80.08408940819191,348.6970421011507,0.10798520294616532,86.40481822763373,409.48574683054096,0.03910136659214325,False,,cap
2,1,0.5,True,18060,4515,4,82.28181138694809,374.6128962949114,0.08695964850712112,77.10983414137294,303.0867260653001,0.12469599430730816,False,,cap
3,1,0.5,True,18060,4515,4,82.47292187271741,382.93766027328445,0.08337561432254192,77.26950797136463,263.10476458625396,0.132973495558941,False,,cap
4,1,0.5,True,18060,4515,4,80.72362742573763,338.4374051659572,0.08793390979241289,85.1492835105024,446.90491544555874,0.08146101837212516,False,,cap
5,1,0.5,True,18060,4515,4,81.01475761628029,362.0544438244176,0.09096460409328899,81.40973517058336,358.63242909004225,0.10042186176889678,False,,cap
1,1,0.5,True,18060,4515,4,80.08408940819191,348.6970421011507,0.10798520294616532,86.40481822763373,409.48574683054096,0.03910136659214325,False,,cap
2,1,0.5,True,18060,4515,4,82.28181138694809,374.6128962949114,0.08695964850712112,77.10983414137294,303.0867260653001,0.12469599430730816,False,,cap
3,1,0.5,True,18060,4515,4,82.47292187271741,382.93766027328445,0.08337561432254192,77.26950797136463,263.10476458625396,0.132973495558941,False,,cap
4,1,0.5,True,18060,4515,4,80.72362742573763,338.4374051659572,0.08793390979241289,85.1492835105024,446.90491544555874,0.08146101837212516,False,,cap
5,1,0.5,True,18060,4515,4,81.01475761628029,362.0544438244176,0.09096460409328899,81.40973517058336,358.63242909004225,0.10042186176889678,False,,cap
1,1,0.5,True,18060,4515,4,80.08408940819191,348.6970421011507,0.10798520294616532,86.40481822763373,409.48574683054096,0.03910136659214325,False,,cap
2,1,0.5,True,18060,4515,4,82.28181138694809,374.6128962949114,0.08695964850712112,77.10983414137294,303.0867260653001,0.12469599430730816,False,,cap
3,1,0.5,True,18060,4515,4,82.47292187271741,382.93766027328445,0.08337561432254192,77.26950797136463,263.10476458625396,0.132973495558941,False,,cap
4,1,0.5,True,18060,4515,4,80.72362742573763,338.4374051659572,0.08793390979241289,85.1492835105024,446.90491544555874,0.08146101837212516,False,,cap
5,1,0.5,True,18060,4515,4,81.01475761628029,362.0544438244176,0.09096460409328899,81.40973517058336,358.63242909004225,0.10042186176889678,False,,cap
1,1,0.5,True,18060,4515,4,80.08408940819191,348.6970421011507,0.10798520294616532,86.40481822763373,409.48574683054096,0.03910136659214325,False,,cap
2,1,0.5,True,18060,4515,4,82.28181138694809,374.6128962949114,0.08695964850712112,77.10983414137294,303.0867260653001,0.12469599430730816,False,,cap
3,1,0.5,True,18060,4515,4,82.47292187271741,382.93766027328445,0.08337561432254192,77.26950797136463,263.10476458625396,0.132973495558941,False,,cap
4,1,0.5,True,18060,4515,4,80.72362742573763,338.4374051659572,0.08793390979241289,85.1492835105024,446.90491544555874,0.08146101837212516,False,,cap
5,1,0.5,True,18060,4515,4,81.01475761628029,362.0544438244176,0.09096460409328899,81.40973517058336,358.63242909004225,0.10042186176889678,False,,cap
1,1,0.5,True,18060,4515,4,80.08408940819191,348.6970421011507,0.10798520294616532,86.40481822763373,409.48574683054096,0.03910136659214325,False,,cap
2,1,0.5,True,18060,4515,4,82.28181138694809,374.6128962949114,0.08695964850712112,77.10983414137294,303.0867260653001,0.12469599430730816,False,,cap
3,1,0.5,True,18060,4515,4,82.47292187271741,382.93766027328445,0.08337561432254192,77.26950797136463,263.10476458625396,0.132973495558941,False,,cap
4,1,0.5,True,18060,4515,4,80.72362742573763,338.4374051659572,0.08793390979241289,85.1492835105024,446.90491544555874,0.08146101837212516,False,,cap
5,1,0.5,True,18060,4515,4,81.01475761628029,362.0544438244176,0.09096460409328899,81.40973517058336,358.63242909004225,0.10042186176889678,False,,cap
1,1,0.5,True,18060,4515,4,80.08408940819191,348.6970421011507,0.10798520294616532,86.40481822763373,409.48574683054096,0.03910136659214325,False,,filter
2,1,0.5,True,18060,4515,4,82.28181138694809,374.6128962949114,0.08695964850712112,77.10983414137294,303.0867260653001,0.12469599430730816,False,,filter
3,1,0.5,True,18060,4515,4,82.47292187271741,382.93766027328445,0.08337561432254192,77.26950797136463,263.10476458625396,0.132973495558941,False,,filter
4,1,0.5,True,18060,4515,4,80.72362742573763,338.4374051659572,0.08793390979241289,85.1492835105024,446.90491544555874,0.08146101837212516,False,,filter
5,1,0.5,True,18060,4515,4,81.01475761628029,362.0544438244176,0.09096460409328899,81.40973517058336,358.63242909004225,0.10042186176889678,False,,filter
1,1,0.5,True,18060,4515,4,80.08408940819191,348.6970421011507,0.10798520294616532,86.40481822763373,409.48574683054096,0.03910136659214325,False,,filter
2,1,0.5,True,18060,4515,4,82.28181138694809,374.6128962949114,0.08695964850712112,77.10983414137294,303.0867260653001,0.12469599430730816,False,,filter
3,1,0.5,True,18060,4515,4,82.47292187271741,382.93766027328445,0.08337561432254192,77.26950797136463,263.10476458625396,0.132973495558941,False,,filter
4,1,0.5,True,18060,4515,4,80.72362742573763,338.4374051659572,0.08793390979241289,85.1492835105024,446.90491544555874,0.08146101837212516,False,,filter
5,1,0.5,True,18060,4515,4,81.01475761628029,362.0544438244176,0.09096460409328899,81.40973517058336,358.63242909004225,0.10042186176889678,False,,filter
1,1,0.5,True,18060,4515,4,80.08408940819191,348.6970421011507,0.10798520294616532,86.40481822763373,409.48574683054096,0.03910136659214325,False,,filter
2,1,0.5,True,18060,4515,4,82.28181138694809,374.6128962949114,0.08695964850712112,77.10983414137294,303.0867260653001,0.12469599430730816,False,,filter
3,1,0.5,True,18060,4515,4,82.47292187271741,382.93766027328445,0.08337561432254192,77.26950797136463,263.10476458625396,0.132973495558941,False,,filter
4,1,0.5,True,18060,4515,4,80.72362742573763,338.4374051659572,0.08793390979241289,85.1492835105024,446.90491544555874,0.08146101837212516,False,,filter
5,1,0.5,True,18060,4515,4,81.01475761628029,362.0544438244176,0.09096460409328899,81.40973517058336,358.63242909004225,0.10042186176889678,False,,filter
1,1,0.5,True,18060,4515,4,80.08408940819191,348.6970421011507,0.10798520294616532,86.40481822763373,409.48574683054096,0.03910136659214325,False,,filter
2,1,0.5,True,18060,4515,4,82.28181138694809,374.6128962949114,0.08695964850712112,77.10983414137294,303.0867260653001,0.12469599430730816,False,,filter
3,1,0.5,True,18060,4515,4,82.47292187271741,382.93766027328445,0.08337561432254192,77.26950797136463,263.10476458625396,0.132973495558941,False,,filter
4,1,0.5,True,18060,4515,4,80.72362742573763,338.4374051659572,0.08793390979241289,85.1492835105024,446.90491544555874,0.08146101837212516,False,,filter
5,1,0.5,True,18060,4515,4,81.01475761628029,362.0544438244176,0.09096460409328899,81.40973517058336,358.63242909004225,0.10042186176889678,False,,filter
1,1,0.5,True,18060,4515,4,80.08408940819191,348.6970421011507,0.10798520294616532,86.40481822763373,409.48574683054096,0.03910136659214325,False,,filter
2,1,0.5,True,18060,4515,4,82.28181138694809,374.6128962949114,0.08695964850712112,77.10983414137294,303.0867260653001,0.12469599430730816,False,,filter
3,1,0.5,True,18060,4515,4,82.47292187271741,382.93766027328445,0.08337561432254192,77.26950797136463,263.10476458625396,0.132973495558941,False,,filter
4,1,0.5,True,18060,4515,4,80.72362742573763,338.4374051659572,0.08793390979241289,85.1492835105024,446.90491544555874,0.08146101837212516,False,,filter
5,1,0.5,True,18060,4515,4,81.01475761628029,362.0544438244176,0.09096460409328899,81.40973517058336,358.63242909004225,0.10042186176889678,False,,filter
