dim,tratamento,tipo,n_linhas,n_features,diverged,mse_train,mae_train,rmse_train,r2_train,mse_val,mae_val,rmse_val,r2_val,mse_test,mae_test,rmse_test,r2_test
256,none,linear,22636,256,False,100185.83725402351,110.94903998321013,316.52146412845923,0.16010212406549518,160043.18899653602,118.45937260533323,400.05398260301826,0.17927641305746034,177726.66425671263,119.63697273121797,421.57640381870596,0.13624678488913544
256,none,quadratica,22636,512,False,93890.53729677506,117.36267772698105,306.41562834942846,0.21287813719654491,145214.54009113694,125.01865101693471,381.07025610920743,0.2553197735744398,166388.42038103097,126.35653070770118,407.9073674022461,0.19135075390970513
256,filter,linear,21236,256,False,3259.6767369352906,42.9419820768032,57.093578771480864,0.4400535467521812,3540.9224042901824,44.781497810309695,59.50565018794587,0.40945389365531304,3516.6063996502476,44.83955849299268,59.30098143918233,0.4015236977968203
256,filter,quadratica,21236,512,False,3129.042761099562,42.06827269013328,55.9378473048397,0.46249381839447,3497.3237456154457,44.67843940007853,59.13817502777242,0.41672516796819303,3457.018103206835,44.53162480072357,58.79641233278468,0.41166477679661606
512,none,linear,22636,512,False,93245.47126157895,114.90776401126651,305.36121440284285,0.2182859833317724,143389.6446328077,123.04107680742024,378.66825141911187,0.26467808963740924,160747.956412264,124.29527097929517,400.9338554079264,0.21876346042797012
512,none,quadratica,22636,1024,False,83577.02690553767,124.2635169003094,289.0969161121192,0.2993404127881065,120933.62959598548,133.60199469361774,347.7551287845881,0.379835637578142,144948.68147654616,135.0075218837593,380.7212648073997,0.2955480812344192
512,filter,linear,21236,512,False,2988.1370768427055,41.062606396712425,54.66385530533595,0.4866985615360443,3255.33229059168,42.87007132355983,57.05551937009845,0.45708389239542824,3334.233713059055,43.34632809610385,57.742823909634474,0.43256093048365485
512,filter,quadratica,21236,1024,False,2789.0263053496974,39.61025289358243,52.81123275733769,0.5209017599813508,3187.255492845912,42.566461784142504,56.45578351990088,0.46843756899462974,3265.7138503318456,42.925393444284175,57.14642465047,0.44422203480187716
1024,none,linear,22636,1024,False,84989.11366656338,118.8998326062464,291.5289242366242,0.287502325651962,126791.76118220594,128.4657057983419,356.07830765465894,0.3497943293639678,144246.25995543957,130.16876757374334,379.7976565955082,0.2989618562566214
1024,none,quadratica,22636,2048,False,69806.71854499615,129.12221620752433,264.20961100042547,0.41478240598777405,97650.45867870282,144.44118402337125,312.49073374854305,0.4992349551651093,122891.38288439478,144.3405533681918,350.5586725277165,0.40274675429403306
1024,filter,linear,21236,1024,False,2734.681666237956,39.26523154912729,52.2941838662576,0.5302370684734016,3169.805774121923,42.20908201125218,56.301028179971304,0.4713477890651899,3170.3710878227544,42.038739230867435,56.30604841242861,0.46044801447192274
1024,filter,quadratica,21236,2048,False,2415.4243632025077,36.74362286914133,49.146966978670285,0.5850790080076382,3124.362054367912,41.94168203605454,55.89599318706048,0.47892677801056627,3193.4967445418683,42.19368558272051,56.51103206049124,0.45651235720853034
