outlier_strategy,degree,n_features_final,mse_train,mae_train,rmse_train,r2_train,mse_val,mae_val,rmse_val,r2_val,mse_test,mae_test,rmse_test,r2_test
none,1,45,119621.00221670134,85.58731460437212,345.8626927216946,0.1351951800892882,136866.25655468437,85.03925149882406,369.95439793937356,0.11867461560000092,140511.64336069275,86.87718651051206,374.8488273433608,0.11575121001762012
none,2,321,113523.84040830685,80.1993928541398,336.93299097640596,0.17927485524635578,130228.33831844843,78.9019582915183,360.8716368993945,0.16141828367737676,142626.5752985822,83.41827112239667,377.6593376292743,0.10244180759199162
none,3,2621,106297.24832690027,77.5312319802181,326.0325878296528,0.2315197917350792,126558.15265169421,77.0104992601421,355.7501267065048,0.18505177724252841,136696.14681791703,80.39941439600163,369.7244200995074,0.13976237464737773
none,4,17571,257190.36958089386,293.99229649036585,507.1393985689673,-0.8593680635215444,293959.4684811839,301.8091522528433,542.1802914909246,-0.8928985717797207,390912.28060235246,309.5023882053011,625.229782241979,-1.4600360713493727
cap,1,45,4713.07701772819,50.22338923911059,68.65185370933686,0.4964362044797018,4872.1309788619055,49.81021801697323,69.80065170800273,0.4528928310352326,4582.810491030017,49.05685237555285,67.69645848218367,0.4905029603015709
cap,2,321,4184.390807691603,47.491924534881505,64.68686735104431,0.5529231308685247,4357.189607978884,47.46793034153432,66.00901156644359,0.510717244383097,4057.0943467651196,46.11227138875908,63.69532437129997,0.5489498063470063
cap,3,2621,3773.952385360425,44.91747993327445,61.43250267863442,0.5967759957801354,3992.517658808044,45.60245011567184,63.18637241374159,0.5516674237968546,3685.1019968780074,44.04641125967904,60.70504095112701,0.5903063061256711
cap,4,17571,89361.3854881331,233.7541932555968,298.93374765678954,-8.547723977370396,92416.56074609344,237.52717963859786,304.00092227835995,-9.377751159527838,118276.83135444712,239.77832870501993,343.9139883087734,-12.149506303599503
filter,1,51,3657.419923148974,44.6885300180703,60.47660641230602,0.34880247824796984,3422.6035093054134,43.96136586295993,58.503021369031984,0.37969213942393953,3685.802994743583,44.87762206268576,60.710814479329656,0.3230560481692083
filter,2,304,3253.490645266952,42.57076868645432,57.039378023142504,0.4207214129743353,3104.710688371965,41.73375685608074,55.71993080013618,0.4373065885149867,3191.919292828168,42.48832246880857,56.49707331205899,0.413763984919013
filter,3,2328,2980.1747380933602,40.61735510698055,54.590976709465096,0.46938485473018676,2877.601340905138,40.05204894931745,53.64327861815624,0.4784675681788457,2965.452859801975,40.650399559081656,54.4559717551893,0.45535738596307496
filter,4,14978,36140.846229496354,160.88505880779195,190.1074596892409,-5.4348174377543605,34653.92880289675,160.24039096012004,186.1556574560568,-5.280629461705438,36192.13494462388,161.91955800647443,190.24230587496535,-5.647139548572487
