degree,l2_lambda,n_features_final,norma_pesos,mse_train,mae_train,rmse_train,r2_train,mse_val,mae_val,rmse_val,r2_val,mse_test,mae_test,rmse_test,r2_test
1,0.25,51,69.66085344556656,3657.426310261696,44.68853152278628,60.47665921875725,0.3488013410331945,3422.6115387798927,43.96136391643124,58.50308999343447,0.3796906841732445,3685.806879695783,44.87761516359587,60.710846474874515,0.3230553346490068
1,0.5,51,69.66010495276649,3657.4326979399057,44.68853302727083,60.476712029837614,0.34880020371773524,3422.619568790437,43.96136196975445,58.50315862233796,0.3796892288253938,3685.810765263818,44.87760826441302,60.71087847547438,0.3230546210156997
1,0.75,51,69.65935647249391,3657.439086183567,44.68853453152399,60.47676484554681,0.3487990663015982,3422.627599337012,43.96136002292955,58.50322725574215,0.3796877733803936,3685.814651447651,44.8776013651372,60.710910481128934,0.3230539072692936
2,0.25,304,67.17950633924644,3253.4995670478625,42.57076719757339,57.03945623029608,0.42071982446611345,3104.718972380308,41.73375088079078,55.72000513621933,0.43730508713293115,3191.9289960227607,42.488327268502005,56.49715918542065,0.4137622028056168
2,0.5,304,67.17876220848399,3253.5084891906913,42.570765708381224,57.03953444051495,0.4207182358934527,3104.727256744242,41.733744905269916,55.720079475394165,0.4373035856864287,3191.9386995538307,42.48833231379346,56.497245061629606,0.4137604206304222
2,0.75,304,67.17801809070002,3253.5174116954086,42.57076421887783,57.03961265379884,0.4207166472563584,3104.735541463741,41.73373892951816,55.72015381766045,0.4373020841754842,3191.9484034213483,42.488337358592396,56.49733094068558,0.41375863839343474
3,0.25,2328,64.76187399310604,2980.179414859814,40.617339900238974,54.59101954405884,0.4693840220397141,2877.6055018855777,40.05203780945819,53.64331740194279,0.4784668140485856,2965.456275343341,40.65038562318569,54.45600311575705,0.4553567586560612
3,0.5,2328,64.76119802305482,2980.1840920265868,40.6173246934926,54.5910623822855,0.4693831892779653,2877.609663288743,40.05202666953375,53.643356189641445,0.4784660598417114,2965.4596913239548,40.650371687279765,54.45603448033978,0.45535613126837404
3,0.75,2328,64.76052206398022,2980.1887695936525,40.61730948674138,54.591105224144826,0.4693823564449451,2877.613825114604,40.05201552954412,53.64339498125192,0.4784653055582285,2965.463107743789,40.65035775136388,54.45606584893724,0.45535550380001866
4,0.25,14978,2.8312154601673614,36140.846229496354,160.88505880779195,190.1074596892409,-5.4348174377543605,34653.92880289675,160.24039096012004,186.1556574560568,-5.280629461705438,36192.13494462388,161.91955800647443,190.24230587496535,-5.647139548572487
4,0.5,14978,2.8312154601673614,36140.846229496354,160.88505880779195,190.1074596892409,-5.4348174377543605,34653.92880289675,160.24039096012004,186.1556574560568,-5.280629461705438,36192.13494462388,161.91955800647443,190.24230587496535,-5.647139548572487
4,0.75,14978,2.8312154601673614,36140.846229496354,160.88505880779195,190.1074596892409,-5.4348174377543605,34653.92880289675,160.24039096012004,186.1556574560568,-5.280629461705438,36192.13494462388,161.91955800647443,190.24230587496535,-5.647139548572487
