fold,degree,l2_lambda,log_target,checkpoint_on,n_train,n_val,n_features_final,mse_train,mae_train,rmse_train,r2_train,mse_val,mae_val,rmse_val,r2_val,diverged,diverged_epoch,best_epoch,outlier_strategy
1,1,0.0,False,train,18060,4515,45,116468.84252115637,85.41793357072135,341.27531777313806,0.14555268123924792,160696.147699814,90.06075779838312,400.8692401517158,0.07911486599741357,False,,999,none
2,1,0.0,False,train,18060,4515,45,134718.19409818464,87.78412365838233,367.03977182069065,0.1235023105659937,87223.31740474192,82.49464921103032,295.33593991375636,0.16889157781359165,False,,999,none
3,1,0.0,False,train,18060,4515,45,140971.00448004797,88.43285746433727,375.461055876702,0.11881916636011358,62401.00163376503,81.355301484233,249.80192479996032,0.2184324690702607,False,,999,none
4,1,0.0,False,train,18060,4515,45,108590.35306759411,83.84212879709592,329.5305040016692,0.13530919392981067,192474.36244456976,89.14122753107074,438.71900169079726,0.11480241825765913,False,,999,none
5,1,0.0,False,train,18060,4515,45,125356.13902387305,85.59035128470995,354.0566889975009,0.1306820709118992,124998.1554111229,88.36634680138907,353.55078194104294,0.1257344185263629,False,,999,none
1,2,0.0,False,train,18060,4515,321,110014.08874409228,78.97488887739169,331.6837179363682,0.19290652230684002,160097.85146229417,85.08398357626942,400.1222956325905,0.0825434616342604,False,,999,none
2,2,0.0,False,train,18060,4515,321,128414.82353330833,82.33986962578182,358.3501409701248,0.16451302758713926,85948.48707693323,77.3005123467241,293.1697240114218,0.1810388138259984,False,,999,none
3,2,0.0,False,train,18060,4515,321,135144.85000856,83.29193130150746,367.6205244658682,0.15523726292568873,59169.6918465989,77.23699730689854,243.24821036669294,0.25890436448704846,False,,999,none
4,2,0.0,False,train,18060,4515,321,105234.68174359686,79.3850491111242,324.39895459695435,0.1620299666327749,182069.48092280753,84.27943672084713,426.69600528105195,0.16265490024227658,False,,999,none
5,2,0.0,False,train,18060,4515,321,119909.75857151698,80.59034748749673,346.27988473418,0.1684515508331531,120279.317750205,82.81814745267671,346.81308762819924,0.1587390443781056,False,,999,none
1,3,0.0,False,train,18060,4515,2621,102610.94432545686,75.49619764938248,320.3294309386149,0.24721801679733113,158610.53158078174,82.93239161553039,398.25937726660214,0.09106669500354958,False,,999,none
2,3,0.0,False,train,18060,4515,2621,120970.66329417477,79.48733229624119,347.8083715124965,0.21294590106094569,85721.05800229049,75.70585330931195,292.7815875397401,0.18320587448144832,False,,999,none
3,3,0.0,False,train,18060,4515,2621,127970.15934253576,80.60372277499407,357.7291703824777,0.20008478263737772,55628.61157031688,74.73735030583943,235.8571846908991,0.30325611038691225,False,,999,none
4,3,0.0,False,train,18060,4515,2621,101744.25513267692,76.81267089773816,318.97375304666826,0.18982377809452144,175593.19730991113,83.32026440291524,419.0384198494347,0.1924395973832499,False,,999,none
5,3,0.0,False,train,18060,4515,2621,112265.72227884873,77.44935874775302,335.06077400801297,0.2214613025019656,118585.88670612786,81.08101465906948,344.3630158802305,0.1705832869716556,False,,999,none
1,4,0.0,False,train,18060,4515,17571,244373.94916287842,278.7054944245764,494.34193546863736,-0.792794202443188,284378.4673004039,287.59976584916166,533.2714761736314,-0.6296588730713282,True,177.0,0,none
2,4,0.0,False,train,18060,4515,17571,262005.37640526096,282.5986813162808,511.86460749426794,-0.7046480512582294,233375.4546291382,277.9667291456984,483.0894892554983,-1.2237208082080362,True,176.0,0,none
3,4,0.0,False,train,18060,4515,17571,263169.23073042376,274.51440153976955,513.0002248834047,-0.6450168811574575,162395.2927062947,265.35654350971333,402.9829930732744,-1.0339879910900884,True,177.0,0,none
4,4,0.0,False,train,18060,4515,17571,247115.46972057485,291.56045864334044,497.1071008551124,-0.9677482268806061,394330.60966093634,301.04901705857236,627.9574903295097,-0.8135428409556045,True,176.0,0,none
5,4,0.0,False,train,18060,4515,17571,258745.43473988245,283.6671999927094,508.67026130872097,-0.7943440763299074,238764.78843739405,281.9654743292265,488.63563975358375,-0.6699753361326264,True,177.0,0,none
1,1,0.0,False,train,18060,4515,45,4664.2651568256115,49.87319706633574,68.29542559224308,0.49097362458700033,4891.661287593218,50.71275022479508,69.94041240651372,0.4864396911932475,False,,999,cap
2,1,0.0,False,train,18060,4515,45,4716.7394472763635,50.29586444912615,68.67852245991001,0.48906114658265387,4698.396391528536,49.57861874047903,68.54484948942944,0.4923398940644931,False,,999,cap
3,1,0.0,False,train,18060,4515,45,4708.499371762531,49.921542357494474,68.61850604437939,0.4894511347879963,4651.172575725069,50.16353307921433,68.19950568534253,0.4993104146159384,False,,999,cap
4,1,0.0,False,train,18060,4515,45,4665.078223448424,49.894182335992966,68.30137790300006,0.49747255535936785,4913.910501152603,50.56937145720879,70.09929030420068,0.45698972779713976,False,,999,cap
5,1,0.0,False,train,18060,4515,45,4764.547094004291,50.32326905392467,69.02569879403099,0.48674270520063423,4471.976579952305,49.60301460806574,66.8728388806121,0.505835934251322,False,,999,cap
1,2,0.0,False,train,18060,4515,321,4140.4180540535735,47.15932470594112,64.34608033169988,0.5481427569216913,4418.257403644695,47.91190936482865,66.46997369974427,0.5361408930012204,False,,999,cap
2,2,0.0,False,train,18060,4515,321,4199.254181641146,47.50876763671922,64.80165261504636,0.5451175243494407,4156.5401436235525,46.81379525592891,64.47123500929351,0.5508872743385888,False,,999,cap
3,2,0.0,False,train,18060,4515,321,4198.903730265962,47.155937023727915,64.79894852747196,0.5447072696923247,4198.019498845474,47.91110097373113,64.79212528421547,0.5480914526196694,False,,999,cap
4,2,0.0,False,train,18060,4515,321,4142.243072699393,47.15710347324242,64.36026004219835,0.553792942647535,4357.012358323719,47.863650353405156,66.00766893569049,0.518529597531407,False,,999,cap
5,2,0.0,False,train,18060,4515,321,4233.820796124754,47.57117795902953,65.0678168999449,0.5439148012160813,4012.7725766007356,46.882783417733364,63.34644880812764,0.5565790705909809,False,,999,cap
1,3,0.0,False,train,18060,4515,2621,3720.75175033089,44.63441763966477,60.9979651327066,0.5939423009622609,4044.104037570967,45.64581769719813,63.593270379584716,0.5754220915398973,False,,999,cap
2,3,0.0,False,train,18060,4515,2621,3793.274259719849,44.990242211132674,61.58956291223253,0.5890951317911046,3752.1935880544243,44.64274196661366,61.25515152258154,0.5945767798909501,False,,999,cap
3,3,0.0,False,train,18060,4515,2621,3774.602188194779,44.635492548241,61.437791205371134,0.5907148516644671,3810.24446512231,45.60896203091329,61.727177686350686,0.5898346727853659,False,,999,cap
4,3,0.0,False,train,18060,4515,2621,3733.813941727948,44.659581379941216,61.104942040132464,0.5977893855093561,5029.742580647494,46.035230147862826,70.9206780893097,0.4441897370358935,False,,999,cap
5,3,0.0,False,train,18060,4515,2621,3812.1377092650923,45.09263515318088,61.742511361825024,0.5893402983628289,3686.2999294643228,44.706646525372165,60.714906978964585,0.5926550758607544,False,,999,cap
1,4,0.0,False,train,18060,4515,17571,83928.26052240506,225.75151225959945,289.7037461311211,-8.159363117664858,84080.24663413149,229.20263616590773,289.96594047255184,-7.827323661082415,True,172.0,0,cap
2,4,0.0,False,train,18060,4515,17571,84099.3710225497,227.16524170365284,289.99891555409255,-8.110029647322143,87317.75448458454,225.5328683317663,295.495777439517,-8.43465318754716,True,172.0,0,cap
3,4,0.0,False,train,18060,4515,17571,82963.98521431931,224.73141688353192,288.0346944628708,-7.995895541296553,78330.35185370191,222.20548321021516,279.87560067591085,-7.432108410104265,True,172.0,0,cap
4,4,0.0,False,train,18060,4515,17571,90347.16049849089,233.92743233712636,300.5780439394915,-8.732297192282148,108338.99584324409,237.18838295874377,329.14889615984447,-10.971969698924225,True,171.0,0,cap
5,4,0.0,False,train,18060,4515,17571,85213.17369465363,227.075654129209,291.91295568140447,-8.179525807778072,77681.68621515905,224.99226614036814,278.7143451908406,-7.584011389144045,True,172.0,0,cap
1,1,0.0,False,train,15773,3944,51,3642.166755068649,44.603831142007294,60.3503666523133,0.34263274586050974,3560.9291923625165,44.648156479701946,59.67352170236408,0.37715153017490055,False,,999,filter
2,1,0.0,False,train,15773,3944,51,3609.141388583852,44.45838978123116,60.076129940133896,0.35556394161388183,3692.4353040007545,44.054471072934284,60.76541206970257,0.3256162204368733,False,,999,filter
3,1,0.0,False,train,15774,3943,51,3636.119389029124,44.61048873187877,60.30024368963299,0.3495043747825546,3552.1756300796865,44.60962259650784,59.60013112468534,0.3562129052052676,False,,999,filter
4,1,0.0,False,train,15774,3943,51,3631.951854623951,44.58461318247035,60.265677251848345,0.3523851790737995,3617.0154158848422,44.41454519729129,60.141627978338285,0.33577662865440105,False,,999,filter
5,1,0.0,False,train,15774,3943,51,3588.3001542265515,44.44600635123358,59.90242193957229,0.3522987703688566,3788.2618938989376,45.21995972124549,61.54885777899487,0.3374662896436377,False,,999,filter
1,2,0.0,False,train,15773,3944,304,3201.748538820703,42.344166425182166,56.58399542998623,0.42212293204844764,3284.27601964646,42.8760992665982,57.30860336499625,0.42554142954948837,False,,999,filter
2,2,0.0,False,train,15773,3944,304,3205.573756475741,42.40202868850672,56.61778657344122,0.42762361069490307,3329.427651694,42.08440446309026,57.70119280997577,0.39191568201653015,False,,999,filter
3,2,0.0,False,train,15774,3943,304,3205.204502839338,42.4133207253885,56.61452554635902,0.4265943210459454,3278.0160947354243,42.92139122788544,57.253961389020276,0.4059008680624411,False,,999,filter
4,2,0.0,False,train,15774,3943,304,3249.077946037502,42.52580678473781,57.000683733070275,0.42065558233667555,3130.2481026394253,42.084697386879085,55.94862020317771,0.42516585946740126,False,,999,filter
5,2,0.0,False,train,15774,3943,304,3191.312657483104,42.31053776018811,56.49170432446789,0.4239564575013155,3338.36537479131,42.92143719661294,57.778589241961505,0.41614923671253967,False,,999,filter
1,3,0.0,False,train,15773,3944,2328,2924.4330349873685,40.26237098638972,54.078027284539225,0.47217504210945227,3107.8972305802586,41.35890256204265,55.74851774334685,0.45639215781308584,False,,999,filter
2,3,0.0,False,train,15773,3944,2328,2935.6810857486835,40.50708379107145,54.18192582170445,0.4758147315694702,4846.254661453758,40.60181105131784,69.61504622891346,0.11488346680699546,False,,999,filter
3,3,0.0,False,train,15774,3943,2328,2924.6402533375554,40.33963795077178,54.079943170620616,0.47678679202035323,3093.046468473286,41.300506815809214,55.615164015520854,0.439424283207851,False,,999,filter
4,3,0.0,False,train,15774,3943,2328,2983.300710043731,40.58008013239188,54.619600053860985,0.4680464300086328,2844.6121570627747,40.24545771505271,53.3349056159545,0.4776196228423626,False,,999,filter
5,3,0.0,False,train,15774,3943,2328,2922.3834370482277,40.32054258800213,54.05907358666284,0.4724991599712429,3117.6592177327766,41.186321450967526,55.836002881051364,0.4547488038042402,False,,999,filter
1,4,0.0,False,train,15773,3944,14978,35597.1023891872,159.68304326075108,188.67194383158085,-5.424848456028814,35238.06582484668,160.53850624019344,187.71804874557662,-5.16355287987077,True,188.0,0,filter
2,4,0.0,False,train,15773,3944,14978,36703.25323549134,162.36207512704613,191.58093129403912,-5.553608545191536,38038.83007146268,160.02726546496655,195.03545849784004,-5.947385094589943,True,187.0,0,filter
3,4,0.0,False,train,15774,3943,14978,36288.244160474365,161.39412196630886,190.49473525657965,-5.491905668563299,35603.95354344955,159.16976253651944,188.6900992194597,-5.452768162938443,True,186.0,0,filter
4,4,0.0,False,train,15774,3943,14978,36522.463367336335,161.43986939558843,191.1085120221921,-5.5123353833307345,36301.092957977395,161.3990763597892,190.528457081816,-5.666279121229325,True,188.0,0,filter
5,4,0.0,False,train,15774,3943,14978,36106.942511626454,161.03353543591783,190.0182688891425,-5.517434455825883,38001.02458475699,165.3933308973207,194.93851488291634,-5.6460452103457595,True,188.0,0,filter
