cidade,n,degree,mae,rmse,r2
Amesterdão,5793,1,3789.675702215499,192934.6484532365,-1724332.229220413
Amesterdão,5793,2,233532066.11676362,12568484556.032522,-7317564732764760.0
Amesterdão,5793,3,41233668467865.59,2219160641172213.5,-2.2812780600768257e+26
Amesterdão,5793,4,1.854598162625768e+17,9.981288110987047e+18,-4.615023584736199e+33
Barcelona,7443,1,124.46033997888298,153.3089712390446,-0.7654738454276524
Barcelona,7443,2,119.96454178095257,148.69515973112215,-0.6608094712994736
Barcelona,7443,3,125.85074913627543,154.891857327959,-0.8021184140559849
Barcelona,7443,4,217.981361756847,249.3571837104193,-3.670570349468746
Barossa Valley,307,1,268.4218633448985,321.68426419014264,-1.6035555374821198
Barossa Valley,307,2,262.11887258893614,314.69239358536674,-1.4916079249661176
Barossa Valley,307,3,253.73544822261016,304.72076085292895,-1.3362068885847824
Barossa Valley,307,4,392.5456478534879,432.7877637304307,-3.712562888977062
