degree,split,accuracy,balanced_accuracy,macro_precision,macro_recall,macro_f1,accuracy_pm1,mae_classes,auc_macro,auc_micro,ap_macro,log_loss
1,train,0.5589364630877346,0.5589932310322109,0.5561901226341931,0.5589932310322109,0.5566139996569801,0.9012533507208578,0.5591538071433746,0.8028040175475346,0.8166339530857257,0.5777974888045172,1.0175853297570343
1,val,0.5552925262089956,0.5603274714709638,0.5566340805318986,0.5603274714709638,0.5571010406175532,0.9042948934731146,0.557321609739601,0.8004519910264296,0.8153833626358369,0.5817322701017933,1.0167275367712862
1,test,0.551234359147785,0.5528255651328544,0.548533876479832,0.5528255651328544,0.5494006984256296,0.8965167399391275,0.5715251944538383,0.7958746084930632,0.8126887445868137,0.5642041122851955,1.028365746318166
2,train,0.5843657175976237,0.5844849738672111,0.5801521535818511,0.5844849738672111,0.5811836645411101,0.9089328406868072,0.5243787582409621,0.8249039540676979,0.8369843108916162,0.6180330350819624,0.9588632001557815
2,val,0.5596888738586405,0.5654239403187846,0.5569726378359263,0.5654239403187846,0.5591020323284659,0.9086912411227596,0.54683801149814,0.8162044842738163,0.8294872963458846,0.6068738062475441,0.976037280434207
2,test,0.5661143050388908,0.5677560771152033,0.5603420928645559,0.5677560771152033,0.5625763121046332,0.9127494081839702,0.5370307744335475,0.8106811332492887,0.8266355011391436,0.59117974025338,0.9824396356573833
3,train,0.4156342824023763,0.4159922320846817,0.4046981985035353,0.4159922320846817,0.3685866974533173,0.7463594870680287,0.9298703180468014,0.6666805153818061,0.6694371730928378,0.40534842757952844,2.743409501601694
3,val,0.41528576259722694,0.42491150839306113,0.41184910157193144,0.42491150839306113,0.3725643430475047,0.7578626986810957,0.9056476158268515,0.6711238450612647,0.6718158864210335,0.4083341816643956,2.6459450555716515
3,test,0.39837673317551575,0.40037593493750656,0.38495584285533446,0.40037593493750656,0.35055513564597385,0.7345282380791343,0.9648292188028407,0.6621553133775402,0.6630716442305138,0.395307029010734,2.793891963092842
