degree,fold,n_train,n_val,n_features_expandidas,mae_train,rmse_train,r2_train,mae_val,rmse_val,r2_val
1,1,18060,4515,5,85.17590533688163,343.0362656512316,0.13671219963340175,90.6239249858805,402.44124127999805,0.07187823741114863
1,2,18060,4515,5,87.42739854575716,368.6649881268573,0.11572303313268006,82.03518881095303,298.0851797901658,0.15334622023841293
1,3,18060,4515,5,87.17709613264485,377.47872451738846,0.1093230651402306,80.12508723637993,250.02375814966476,0.21704373096129637
1,4,18060,4515,5,84.03837224380085,331.0585243786096,0.12727152528641672,89.01392636533934,441.0060360893023,0.10554932416631913
1,5,18060,4515,5,85.28195546215048,355.84506938791645,0.12187784494611853,87.53031433489251,354.93128221052734,0.11889364625685461
2,1,18060,4515,20,77.55902392129704,334.12547484324443,0.1809796177506412,84.67136472304115,401.4227473362676,0.07657005394040706
2,2,18060,4515,20,80.82173162131684,360.23022391877373,0.15572327036641387,77.86923515287548,300.8270933512399,0.13769882489859742
2,3,18060,4515,20,81.26126787415461,370.21151592236265,0.14328751512614157,74.40954475064858,242.95518020956263,0.2606888180436252
2,4,18060,4515,20,77.99808620542319,326.1247132765155,0.15309047618863292,83.00504075252815,434.0376203839266,0.13359275219858913
2,5,18060,4515,20,79.07282082668762,348.3231111207481,0.15860948716863965,80.12967090090437,349.24735687498344,0.14688803493987967
3,1,18060,4515,55,77.7007320852953,331.4673349585804,0.1939592379790046,84.81998269976499,401.76059695272244,0.07501502627295009
3,2,18060,4515,55,82.18602599330855,355.53425739556417,0.17759180378840178,86.79887211665324,452.8936164662765,-0.954418125375468
3,3,18060,4515,55,81.41263298015068,367.742450547793,0.1546768171168199,75.70946169265835,244.31825393488063,0.252369896488307
3,4,18060,4515,55,77.89076061652489,324.71234139451144,0.16041013655285408,86.66409400317164,498.17857748321114,-0.14139883645771434
3,5,18060,4515,55,79.51593267516233,345.4009394126878,0.1726675510429948,82.37381500399793,353.28644454869817,0.12704124460497734
4,1,18060,4515,125,76.44023042899632,321.7313099758824,0.24061469915051548,86.29303133235109,406.7423172655826,0.051933691106266555
4,2,18060,4515,125,79.33381893912839,348.51850358559534,0.2097287103326908,102.59476036682837,1108.670591506921,-10.711975041200017
4,3,18060,4515,125,80.47565245360741,359.733338125627,0.19109666955819005,78.90477551177155,261.0147067618033,0.1466937935551067
4,4,18060,4515,125,78.16166209085875,321.50088478809994,0.17693536594745174,94.98047884065164,588.4714488249831,-0.592641846837489
4,5,18060,4515,125,78.52768144078973,336.38583800764974,0.21529135638819896,84.72788135097169,366.7981409961373,0.058990454623019106
